variable,variable_group,dtype,unique_including_missing,constant,dominant_share_pct,zero_n,zero_share_pct,missing_n,missing_pct,monthly_missing_range_pp,observed_n,observed_target_1_n,observed_target_1_pct,all_target_1_n,all_target_1_pct,min,p01,p05,p25,p50,p75,p95,p99,max,bin_rule,bin_count_including_missing,bin_boundaries,discovery_populated_bins,discovery_small_bins,discovery_min_bin_n,discovery_rate_gap_adequate_pp,monthly_max_bin_share_range_pp,monthly_max_bin_target_rate_range_pp,analysis_status,status_reason,exact_duplicate_group,exact_duplicate_group_size
SS1200000,SS,category,3,False,77.72597086631148,0,0.0,0,0.0,0.0,162355,32471,20.0,32471,20.0,,,,,,,,,,exact_categories,4,exact observed values in discovery; unseen later values separate,3,0,3938,13.43314686095613,3.333165117822201,11.566795777322096,계산 가능,—,,1
U43002030,U,int32,7770,False,4.038680668904561,0,0.0,0,0.0,0.0,162355,32471,20.0,32471,20.0,1397.0,1800.0,2100.0,2700.0,3300.0,4200.0,6700.0,10338.05999999991,33466.0,quantiles,6,Q1: 1397..2600 (outer tails included); Q2: 2600..3100 (outer tails included); Q3: 3100..3600 (outer tails included); Q4: 3600..4600 (outer tails included); Q5: 4600..33466 (outer tails included),5,0,14915,2.780011734172197,2.135367557322923,7.537479092081732,계산 가능,—,,1
U5DD01005,U,int16,9877,False,4.139693880693542,6721,4.1396938806935415,0,0.0,0.0,162355,32471,20.0,32471,20.0,0.0,0.0,41.0,596.0,1273.0,2242.0,5228.0,10712.0,31516.0,quantiles,6,Q1: 0..465 (outer tails included); Q2: 465..995 (outer tails included); Q3: 995..1588 (outer tails included); Q4: 1588..2554 (outer tails included); Q5: 2554..31516 (outer tails included),5,0,16166,8.326248917610702,1.7361917996368965,8.114828852509042,계산 가능,—,,1
U5DD01006,U,float32,3324,False,4.1452372886575715,6730,4.1452372886575715,24,0.014782421237411844,0.04209935447656469,162331,32466,19.999876794943663,32471,20.0,0.0,0.0,1.2999999523162842,18.600000381469727,37.400001525878906,62.5,121.5999984741211,233.89999389648438,573.9000244140625,quantiles,6,Q1: 0..14.7 (outer tails included); Q2: 14.7..29.799999 (outer tails included); Q3: 29.799999..45.799999 (outer tails included); Q4: 45.799999..69.400002 (outer tails included); Q5: 69.400002..573.90002 (outer tails included),6,1,18,7.8593534487290615,1.8775755830732184,7.885637376992651,해석 주의,작은 구간 존재,,1
U81102010,U,int32,27903,False,69.16879677250469,112299,69.16879677250469,0,0.0,0.0,162355,32471,20.0,32471,20.0,0.0,0.0,0.0,0.0,0.0,12780.0,59601.79999999993,124000.0,440937.0,dominant_atom_plus_nonatom_quantiles,6,non-atom Q1: 512..15500 (outer tails included); non-atom Q2: 15500..27317 (outer tails included); non-atom Q3: 27317..47672.75 (outer tails included); non-atom Q4: 47672.75..440937 (outer tails included),5,0,6144,9.266763600470643,2.6203468522003504,8.664870352664765,계산 가능,—,,1
U81201010,U,int32,48345,False,0.46379846632379657,147,0.09054233007914755,0,0.0,0.0,162355,32471,20.0,32471,20.0,0.0,2500.0,5050.0,10384.0,18285.0,30000.0,65000.0,121514.25999999975,279824.0,quantiles,6,Q1: 0..9000 (outer tails included); Q2: 9000..15000 (outer tails included); Q3: 15000..22568 (outer tails included); Q4: 22568..34740 (outer tails included); Q5: 34740..279824 (outer tails included),5,0,15998,9.083410076793399,2.6697571534567395,6.558349550682067,계산 가능,—,,1
U81202010,U,int32,48033,False,1.3402728588586739,2176,1.3402728588586739,0,0.0,0.0,162355,32471,20.0,32471,20.0,0.0,0.0,3373.0,8812.0,15907.0,27000.0,59280.59999999998,114052.91999999998,270104.0,quantiles,6,Q1: 0..7551.4 (outer tails included); Q2: 7551.4..12923.4 (outer tails included); Q3: 12923.4..20000 (outer tails included); Q4: 20000..31232.8 (outer tails included); Q5: 31232.8..270104 (outer tails included),5,0,16124,8.602682158086647,2.603768647847646,7.013761023354977,계산 가능,—,,1
U81301010,U,int32,57414,False,0.19771488405038343,33,0.020325829201441287,0,0.0,0.0,162355,32471,20.0,32471,20.0,0.0,4191.0,7662.0,18000.0,32183.0,58339.0,128598.0,233908.11999999982,636866.0,quantiles,6,Q1: 0..15828.4 (outer tails included); Q2: 15828.4..26290 (outer tails included); Q3: 26290..41230.6 (outer tails included); Q4: 41230.6..68900.6 (outer tails included); Q5: 68900.6..636866 (outer tails included),5,0,16179,2.477092232806119,2.6714810485037126,7.898499186776167,계산 가능,—,,1
U81302010,U,int32,39931,False,0.6374919158633857,34,0.02094176341966678,0,0.0,0.0,162355,32471,20.0,32471,20.0,0.0,2500.0,4966.0,9564.5,16377.0,25919.5,48419.699999999895,76068.0,165576.0,quantiles,6,Q1: 0..8250 (outer tails included); Q2: 8250..13573 (outer tails included); Q3: 13573..20000 (outer tails included); Q4: 20000..29264.6 (outer tails included); Q5: 29264.6..165576 (outer tails included),5,0,16164,7.46707291430182,2.820650046789569,6.3694338878531465,계산 가능,—,,1
U81501010,U,int32,51393,False,0.4126759262110807,142,0.08746265898802008,0,0.0,0.0,162355,32471,20.0,32471,20.0,0.0,2525.54,5178.700000000001,10784.0,19074.0,32094.0,71315.0,130503.73999999944,300850.0,quantiles,6,Q1: 0..9286 (outer tails included); Q2: 9286..15500 (outer tails included); Q3: 15500..23734 (outer tails included); Q4: 23734..37444.4 (outer tails included); Q5: 37444.4..300850 (outer tails included),5,0,16164,10.27600221511577,2.3006707302080045,6.527818613299395,계산 가능,—,,1
U81502010,U,int32,50354,False,1.0902035662591234,1770,1.0902035662591236,0,0.0,0.0,162355,32471,20.0,32471,20.0,0.0,0.0,3636.0,9112.0,16500.0,28269.0,64381.09999999992,123000.0,291036.0,quantiles,6,Q1: 0..7848.4 (outer tails included); Q2: 7848.4..13390.6 (outer tails included); Q3: 13390.6..20861 (outer tails included); Q4: 20861..33066 (outer tails included); Q5: 33066..291036 (outer tails included),5,0,16179,9.745153883039281,2.4913798337135473,6.729597170897634,계산 가능,—,,1
U84010100,U,Int32,21,False,9.207600628252903,0,0.0,33,0.020325829201441287,0.050883186741295335,162322,32463,19.99913751678762,32471,20.0,1.0,2.0,4.0,9.0,14.0,17.0,19.0,20.0,20.0,quantiles,6,Q1: 1..8 (outer tails included); Q2: 8..12 (outer tails included); Q3: 12..15 (outer tails included); Q4: 15..18 (outer tails included); Q5: 18..20 (outer tails included),6,1,24,8.857203308485904,2.641224194158562,6.844191705763539,해석 주의,작은 구간 존재,,1
U84010200,U,Int32,22,False,10.417295432847771,0,0.0,33,0.020325829201441287,0.050883186741295335,162322,32463,19.99913751678762,32471,20.0,1.0,2.0,4.0,10.0,15.0,18.0,20.0,20.0,21.0,quantiles,6,Q1: 1..9 (outer tails included); Q2: 9..13 (outer tails included); Q3: 13..16 (outer tails included); Q4: 16..18 (outer tails included); Q5: 18..21 (outer tails included),6,1,24,8.331671186586503,2.699684793045937,6.555518690555186,해석 주의,작은 구간 존재,,1
U84010300,U,int32,51425,False,0.4330017554125219,127,0.07822364571463768,0,0.0,0.0,162355,32471,20.0,32471,20.0,0.0,2538.62,5165.700000000001,10705.5,18840.0,31380.5,71935.0,146401.79999999976,433361.0,quantiles,6,Q1: 0..9212 (outer tails included); Q2: 9212..15386.8 (outer tails included); Q3: 15386.8..23293 (outer tails included); Q4: 23293..36386.6 (outer tails included); Q5: 36386.6..433361 (outer tails included),5,0,16164,9.09219875545311,2.2805900478788885,6.498418902668739,계산 가능,—,,1
U84010400,U,int32,50528,False,1.2090788703766437,1963,1.2090788703766437,0,0.0,0.0,162355,32471,20.0,32471,20.0,0.0,0.0,3500.0,9040.0,16408.0,28085.0,65045.09999999992,139656.5799999986,421472.0,quantiles,6,Q1: 0..7752 (outer tails included); Q2: 7752..13307.6 (outer tails included); Q3: 13307.6..20702 (outer tails included); Q4: 20702..32685.6 (outer tails included); Q5: 32685.6..421472 (outer tails included),5,0,16179,8.551818836643202,2.4306465604716276,7.225892100913487,계산 가능,—,,1
UR1101100,UR,int8,19,False,15.423608758584583,0,0.0,0,0.0,0.0,162355,32471,20.0,32471,20.0,2.0,6.0,9.0,13.0,15.0,16.0,18.0,19.0,20.0,quantiles,6,Q1: 2..12 (outer tails included); Q2: 12..14 (outer tails included); Q3: 14..16 (outer tails included); Q4: 16..17 (outer tails included); Q5: 17..20 (outer tails included),5,0,9091,5.97924701152489,1.5484384247123173,6.860704677864547,계산 가능,—,,1
UR1102100,UR,int16,346,False,16.721998090603922,27149,16.721998090603922,0,0.0,0.0,162355,32471,20.0,32471,20.0,0.0,0.0,0.0,25.0,44.0,70.0,117.0,168.0,400.0,quantiles,6,Q1: 0..14 (outer tails included); Q2: 14..37 (outer tails included); Q3: 37..53 (outer tails included); Q4: 53..77 (outer tails included); Q5: 77..400 (outer tails included),5,0,15852,7.369867595822114,4.155328085871049,7.676354102051011,계산 가능,—,,1
AL012G003,AL,Int32,6,False,46.37060761910628,0,0.0,24,0.014782421237411844,0.04209935447656469,162331,32466,19.999876794943663,32471,20.0,1.0,1.0,1.0,1.0,2.0,2.0,3.0,4.0,5.0,exact_categories,6,exact observed values in discovery; unseen later values separate,6,1,18,24.372592306935907,3.5213608646369687,15.760338651904917,해석 주의,작은 구간 존재,,1
AL012G004,AL,Int32,7,False,48.69945489821687,0,0.0,24,0.014782421237411844,0.04209935447656469,162331,32466,19.999876794943663,32471,20.0,1.0,1.0,1.0,2.0,2.0,3.0,4.0,5.0,6.0,exact_categories,7,exact observed values in discovery; unseen later values separate,7,1,18,24.289692111237233,2.0370979943670875,16.256329666492054,해석 주의,작은 구간 존재,,1
AL012G005,AL,Int32,8,False,44.32632194881587,0,0.0,24,0.014782421237411844,0.04209935447656469,162331,32466,19.999876794943663,32471,20.0,1.0,1.0,1.0,2.0,2.0,3.0,5.0,6.0,7.0,exact_categories,8,exact observed values in discovery; unseen later values separate,8,1,18,25.91288147924025,2.064735843261589,20.598900456193707,해석 주의,작은 구간 존재,,1
AL012G009,AL,Int32,5,False,70.84783345138739,0,0.0,24,0.014782421237411844,0.04209935447656469,162331,32466,19.999876794943663,32471,20.0,1.0,1.0,1.0,1.0,1.0,2.0,3.0,3.0,4.0,exact_categories,5,exact observed values in discovery; unseen later values separate,5,2,18,9.756342890924707,12.319379932366736,29.004329004329,해석 주의,작은 구간 존재,,1
AL012G010,AL,Int32,5,False,59.82014720827815,0,0.0,24,0.014782421237411844,0.04209935447656469,162331,32466,19.999876794943663,32471,20.0,1.0,1.0,1.0,1.0,1.0,2.0,3.0,4.0,4.0,exact_categories,5,exact observed values in discovery; unseen later values separate,5,1,18,12.106273961197383,12.150433273257189,11.36333377712688,해석 주의,작은 구간 존재,,1
AL012G011,AL,Int32,6,False,52.69132456653629,0,0.0,24,0.014782421237411844,0.04209935447656469,162331,32466,19.999876794943663,32471,20.0,1.0,1.0,1.0,1.0,1.0,2.0,3.0,4.0,5.0,exact_categories,6,exact observed values in discovery; unseen later values separate,6,1,18,13.118196043236274,11.030287268242883,14.702496725280831,해석 주의,작은 구간 존재,,1
AL012G013,AL,Int32,6,False,64.11690431461919,0,0.0,24,0.014782421237411844,0.04209935447656469,162331,32466,19.999876794943663,32471,20.0,1.0,1.0,1.0,1.0,1.0,2.0,3.0,3.0,5.0,exact_categories,6,exact observed values in discovery; unseen later values separate,6,2,18,13.93688725363037,2.430875023274548,19.252873563218387,해석 주의,작은 구간 존재,,1
AL012G014,AL,Int32,7,False,44.52834837239383,0,0.0,24,0.014782421237411844,0.04209935447656469,162331,32466,19.999876794943663,32471,20.0,1.0,1.0,1.0,1.0,2.0,2.0,3.0,4.0,6.0,exact_categories,7,exact observed values in discovery; unseen later values separate,7,3,18,13.495963911993385,2.9566520657629827,25.512820512820515,해석 주의,작은 구간 존재,,1
AL012G015,AL,Int32,7,False,40.84444581318715,0,0.0,24,0.014782421237411844,0.04209935447656469,162331,32466,19.999876794943663,32471,20.0,1.0,1.0,1.0,1.0,2.0,3.0,4.0,5.0,6.0,exact_categories,7,exact observed values in discovery; unseen later values separate,7,2,18,20.60886638719212,3.361758786060509,29.166666666666664,해석 주의,작은 구간 존재,,1
AL012G017,AL,Int32,6,False,53.4138154045148,0,0.0,24,0.014782421237411844,0.04209935447656469,162331,32466,19.999876794943663,32471,20.0,1.0,1.0,1.0,1.0,1.0,2.0,2.0,3.0,5.0,exact_categories,6,exact observed values in discovery; unseen later values separate,6,3,18,18.09755690223972,4.416950517784645,14.4597105077539,해석 주의,작은 구간 존재,,1
AL012G018,AL,Int32,6,False,60.89310461642696,0,0.0,24,0.014782421237411844,0.04209935447656469,162331,32466,19.999876794943663,32471,20.0,1.0,1.0,1.0,1.0,2.0,2.0,3.0,3.0,5.0,exact_categories,6,exact observed values in discovery; unseen later values separate,6,2,18,19.282439907668415,2.696406399784829,12.222222222222221,해석 주의,작은 구간 존재,,1
AL012G019,AL,Int32,6,False,68.00344923162206,0,0.0,24,0.014782421237411844,0.04209935447656469,162331,32466,19.999876794943663,32471,20.0,1.0,1.0,1.0,2.0,2.0,2.0,3.0,4.0,5.0,exact_categories,6,exact observed values in discovery; unseen later values separate,6,2,18,19.245942664436868,4.259200662112164,16.14566804189146,해석 주의,작은 구간 존재,,1
AL018G001,AL,Int32,24,False,10.65935758061039,0,0.0,27,0.016630223892088326,0.04911591355599214,162328,32465,19.9996303780001,32471,20.0,1.0,1.0,1.0,7.0,12.0,18.0,23.0,23.0,23.0,quantiles,6,Q1: 1..6 (outer tails included); Q2: 6..10 (outer tails included); Q3: 10..15 (outer tails included); Q4: 15..19 (outer tails included); Q5: 19..23 (outer tails included),6,1,21,9.226257140861504,2.40867631341887,8.287248944921792,해석 주의,작은 구간 존재,,1
AL018G002,AL,Int32,22,False,16.28530072988205,0,0.0,977,0.6017677312063071,0.21971224854606014,161378,32232,19.972982686611555,32471,20.0,1.0,1.0,2.0,8.0,13.0,19.0,21.0,21.0,21.0,quantiles,6,Q1: 1..7 (outer tails included); Q2: 7..11 (outer tails included); Q3: 11..15 (outer tails included); Q4: 15..20 (outer tails included); Q5: 20..21 (outer tails included),6,0,486,8.667680795803717,2.746446174186998,23.196004993757803,계산 가능,—,,1
AS1300133,AS,Int32,193,False,81.25588987096178,0,0.0,131923,81.25588987096178,1.401113373514029,30432,4121,13.541666666666666,32471,20.0,4.0,4.0,7.0,17.0,29.0,49.0,101.0,176.0,196.0,quantiles,6,Q1: 4..15 (outer tails included); Q2: 15..24 (outer tails included); Q3: 24..37 (outer tails included); Q4: 37..58 (outer tails included); Q5: 58..196 (outer tails included),6,0,2863,10.223434620839242,1.401113373514029,10.086315585297255,해석 주의,결측률 80% 이상,,1
AS1340126,AS,Int32,213,False,69.16694896985001,0,0.0,112296,69.16694896985001,2.634667344825292,50059,7410,14.802533011046965,32471,20.0,4.0,4.0,7.0,16.0,28.0,48.0,106.0,190.0,215.0,quantiles,6,Q1: 4..14 (outer tails included); Q2: 14..23 (outer tails included); Q3: 23..35 (outer tails included); Q4: 35..57 (outer tails included); Q5: 57..215 (outer tails included),6,0,4766,9.66603705223094,2.634667344825292,9.492589461820232,계산 가능,—,,1
AS1350127,AS,Int32,198,False,69.16694896985001,0,0.0,112296,69.16694896985001,2.634667344825292,50059,7410,14.802533011046965,32471,20.0,3.0,3.0,6.0,14.0,25.0,44.0,98.0,179.0,199.0,quantiles,6,Q1: 3..12 (outer tails included); Q2: 12..21 (outer tails included); Q3: 21..32 (outer tails included); Q4: 32..53 (outer tails included); Q5: 53..199 (outer tails included),6,0,4677,9.67002588350338,2.634667344825292,9.119262638488037,계산 가능,—,,1
AS1360004,AS,Int32,51,False,67.13559791814234,4613,2.8413045486742017,108998,67.13559791814234,1.3710978496834891,53357,9595,17.98264520119197,32471,20.0,0.0,0.0,0.0,2.0,3.0,7.0,24.0,42.0,49.0,quantiles,6,Q1: 0..1 (outer tails included); Q2: 1..3 (outer tails included); Q3: 3..5 (outer tails included); Q4: 5..10 (outer tails included); Q5: 10..49 (outer tails included),6,0,4093,7.190560513891531,1.6005085052449173,7.190680668928476,계산 가능,—,,1
AS1360006,AS,Int32,96,False,64.22962027655447,9,0.0055434079640294415,104280,64.22962027655447,2.002738706858087,58075,10131,17.44468359879466,32471,20.0,0.0,3.0,6.0,13.0,20.0,30.0,53.0,81.0,94.0,quantiles,6,Q1: 0..12 (outer tails included); Q2: 12..18 (outer tails included); Q3: 18..24 (outer tails included); Q4: 24..34 (outer tails included); Q5: 34..94 (outer tails included),6,0,5390,6.892794919579323,2.002738706858087,6.780523810735829,계산 가능,—,,1
AS1C0G158,AS,Int32,6,False,69.42440947306827,0,0.0,112714,69.42440947306827,2.5700993601562194,49641,7309,14.723716282911303,32471,20.0,1.0,1.0,1.0,1.0,1.0,2.0,4.0,5.0,5.0,exact_categories,6,exact observed values in discovery; unseen later values separate,6,0,519,11.42689194291919,2.5700993601562194,14.53040019482101,계산 가능,—,,1
AS1C10132,AS,int8,2,False,80.75020787779866,131102,80.75020787779864,0,0.0,0.0,162355,32471,20.0,32471,20.0,0.0,0.0,0.0,0.0,0.0,0.0,1.0,1.0,1.0,exact_categories,3,exact observed values in discovery; unseen later values separate,2,0,15451,7.956538845156327,1.3751245447554794,7.378021236724054,계산 가능,—,,1
AS1C10148,AS,category,2,False,67.41400018478026,0,0.0,0,0.0,0.0,162355,32471,20.0,32471,20.0,,,,,,,,,,exact_categories,3,exact observed values in discovery; unseen later values separate,2,0,26001,7.337116048493894,2.5839307215846596,6.610274068999665,계산 가능,—,,1
AS1C1G157,AS,int8,2,False,96.79775799944565,157156,96.79775799944566,0,0.0,0.0,162355,32471,20.0,32471,20.0,0.0,0.0,0.0,0.0,0.0,0.0,0.0,1.0,1.0,exact_categories,3,exact observed values in discovery; unseen later values separate,2,0,2548,6.682399981487469,0.6669417719862625,8.356142065819487,계산 가능,—,,1
AS1C20102,AS,int8,17,False,67.41400018478026,109450,67.41400018478026,0,0.0,0.0,162355,32471,20.0,32471,20.0,0.0,0.0,0.0,0.0,0.0,1.0,2.0,3.0,16.0,exact_categories,18,exact observed values in discovery; unseen later values separate,17,13,2,9.046511407915597,2.5839307215846596,16.548463356973997,해석 주의,작은 구간 존재,,1
AS1C20103,AS,int8,33,False,86.05894490468418,139721,86.05894490468418,0,0.0,0.0,162355,32471,20.0,32471,20.0,0.0,0.0,0.0,0.0,0.0,0.0,2.0,6.0,32.0,dominant_atom_plus_nonatom_quantiles,4,non-atom Q1: 1..3 (outer tails included); non-atom Q2: 3..32 (outer tails included),3,0,1978,2.9794704278792135,0.8572059794384246,7.515461580804976,계산 가능,—,,1
AS1C20110,AS,int8,32,False,90.87370268855285,147538,90.87370268855287,0,0.0,0.0,162355,32471,20.0,32471,20.0,0.0,0.0,0.0,0.0,0.0,0.0,1.0,5.0,32.0,dominant_atom_plus_nonatom_quantiles,4,non-atom Q1: 1..3 (outer tails included); non-atom Q2: 3..32 (outer tails included),3,0,1337,2.745153805134895,0.807007620082556,10.473134054648817,계산 가능,—,,1
AS1C20112,AS,int8,12,False,99.56453450771457,161648,99.56453450771457,0,0.0,0.0,162355,32471,20.0,32471,20.0,0.0,0.0,0.0,0.0,0.0,0.0,0.0,0.0,13.0,exact_categories,13,exact observed values in discovery; unseen later values separate,11,10,1,,0.3022937861157038,28.409090909090907,해석 주의,404행 이상인 구간이 2개 미만; 작은 구간 존재; 최빈값 비중 99.5% 이상,,1
AS1C20113,AS,int8,20,False,98.21995010932832,159465,98.21995010932832,0,0.0,0.0,162355,32471,20.0,32471,20.0,0.0,0.0,0.0,0.0,0.0,0.0,0.0,1.0,21.0,dominant_atom_plus_nonatom_quantiles,4,non-atom Q1: 1..2 (outer tails included); non-atom Q2: 2..21 (outer tails included),3,1,191,1.3169911239496734,0.45055098629213086,23.16715542521994,해석 주의,작은 구간 존재,,1
AS1C20114,AS,int8,14,False,99.12906901542915,160941,99.12906901542915,0,0.0,0.0,162355,32471,20.0,32471,20.0,0.0,0.0,0.0,0.0,0.0,0.0,0.0,0.0,14.0,exact_categories,13,exact observed values in discovery; unseen later values separate,11,9,1,4.436682663603528,0.27348616505664086,10.588235294117647,해석 주의,작은 구간 존재,,1
AS1C20116,AS,int8,26,False,97.22706414954882,157853,97.22706414954882,0,0.0,0.0,162355,32471,20.0,32471,20.0,0.0,0.0,0.0,0.0,0.0,0.0,0.0,2.0,28.0,dominant_atom_plus_nonatom_quantiles,4,non-atom Q1: 1..2 (outer tails included); non-atom Q2: 2..28 (outer tails included),3,0,525,1.8177207287249448,0.37430342587874144,11.914393840532428,계산 가능,—,,1
AS1C20118,AS,int8,21,False,93.27892581072341,151443,93.27892581072342,0,0.0,0.0,162355,32471,20.0,32471,20.0,0.0,0.0,0.0,0.0,0.0,0.0,1.0,1.0,20.0,exact_categories,22,exact observed values in discovery; unseen later values separate,20,18,1,8.523064638866297,0.43882664211133404,15.908566151004386,해석 주의,작은 구간 존재,,1
AS1C20119,AS,int8,21,False,94.54159095808568,153493,94.54159095808568,0,0.0,0.0,162355,32471,20.0,32471,20.0,0.0,0.0,0.0,0.0,0.0,0.0,1.0,1.0,21.0,exact_categories,20,exact observed values in discovery; unseen later values separate,18,16,1,8.347734464311253,0.6569328846531747,15.538847117794486,해석 주의,작은 구간 존재,,1
AS1C20120,AS,int8,15,False,90.2559206676727,146535,90.2559206676727,0,0.0,0.0,162355,32471,20.0,32471,20.0,0.0,0.0,0.0,0.0,0.0,0.0,1.0,2.0,15.0,exact_categories,16,exact observed values in discovery; unseen later values separate,14,11,2,9.17947390768694,0.873999839896189,15.86921850079745,해석 주의,작은 구간 존재,,1
AS1C20126,AS,int8,14,False,69.8863601367374,113464,69.8863601367374,0,0.0,0.0,162355,32471,20.0,32471,20.0,0.0,0.0,0.0,0.0,0.0,1.0,1.0,2.0,13.0,exact_categories,15,exact observed values in discovery; unseen later values separate,14,11,3,10.50676730461596,2.500543434480329,18.333333333333332,해석 주의,작은 구간 존재,,1
AS1C30101,AS,int32,8258,False,86.05894490468418,139721,86.05894490468418,0,0.0,0.0,162355,32471,20.0,32471,20.0,0.0,0.0,0.0,0.0,0.0,0.0,3015.0,31587.0,570799.0,dominant_atom_plus_nonatom_quantiles,6,non-atom Q1: 4..366 (outer tails included); non-atom Q2: 366..1587 (outer tails included); non-atom Q3: 1587..5749.75 (outer tails included); non-atom Q4: 5749.75..570799 (outer tails included),5,0,2788,4.08807831405324,0.8572059794384246,7.915755397762853,계산 가능,—,,1
AS1C30102,AS,Int32,568,False,86.12300206337963,2334,1.4375904653383018,139825,86.12300206337963,0.8223885947325704,22530,3891,17.270306258322236,32471,20.0,0.0,0.0,0.0,2.0,8.0,25.0,146.0,1577.5499999999956,1721.0,quantiles,6,Q1: 0..2 (outer tails included); Q2: 2..5 (outer tails included); Q3: 5..13 (outer tails included); Q4: 13..35 (outer tails included); Q5: 35..1721 (outer tails included),6,0,1642,4.7349073232140935,0.8223885947325704,13.014721734577597,해석 주의,결측률 80% 이상,,1
AS1C30103,AS,Int32,125,False,99.56884604724216,53,0.032644513565951154,161655,99.56884604724216,0.2942681039327155,700,142,20.285714285714285,32471,20.0,0.0,0.0,0.0,3.0,11.0,33.0,134.69999999999936,777.9899999999964,3454.0,quantiles,6,Q1: 0..3 (outer tails included); Q2: 3..8.4 (outer tails included); Q3: 8.4..19 (outer tails included); Q4: 19..42 (outer tails included); Q5: 42..3454 (outer tails included),6,5,58,,0.2942681039327155,5.96917178840074,해석 주의,404행 이상인 구간이 2개 미만; 작은 구간 존재; 결측률 80% 이상; 최빈값 비중 99.5% 이상,,1
AS1C30104,AS,Int32,257,False,98.22857318838348,224,0.13796926488251054,159479,98.22857318838348,0.44129633231834164,2876,602,20.931849791376912,32471,20.0,0.0,0.0,0.0,3.0,11.0,34.0,202.0,2707.75,3985.0,quantiles,6,Q1: 0..3 (outer tails included); Q2: 3..9 (outer tails included); Q3: 9..19 (outer tails included); Q4: 19..45 (outer tails included); Q5: 45..3985 (outer tails included),6,5,253,,0.44129633231834164,27.840909090909093,해석 주의,404행 이상인 구간이 2개 미만; 작은 구간 존재; 결측률 80% 이상,,1
AS1C30116,AS,Int32,152,False,70.2971882602938,0,0.0,114131,70.2971882602938,2.570631856940264,48224,6926,14.362143331121432,32471,20.0,1.0,1.0,3.0,9.0,16.0,28.0,66.0,132.0,151.0,quantiles,6,Q1: 1..8 (outer tails included); Q2: 8..13 (outer tails included); Q3: 13..20 (outer tails included); Q4: 20..34 (outer tails included); Q5: 34..151 (outer tails included),6,0,4351,9.724553619486885,2.570631856940264,9.1251056635672,계산 가능,—,,1
AS1C40101,AS,Int32,477,False,86.12300206337963,2783,1.7141449293215485,139825,86.12300206337963,0.8223885947325704,22530,3891,17.270306258322236,32471,20.0,0.0,0.0,0.0,2.0,6.0,19.0,104.54999999999927,1329.0,1515.0,quantiles,6,Q1: 0..1 (outer tails included); Q2: 1..4 (outer tails included); Q3: 4..10 (outer tails included); Q4: 10..27 (outer tails included); Q5: 27..1515 (outer tails included),6,0,2054,4.536615598185942,0.8223885947325704,13.629187329217691,해석 주의,결측률 80% 이상,,1
AS1C40102,AS,int32,6148,False,86.05894490468418,139721,86.05894490468418,0,0.0,0.0,162355,32471,20.0,32471,20.0,0.0,0.0,0.0,0.0,0.0,0.0,2111.2999999999884,25100.65999999983,405411.0,dominant_atom_plus_nonatom_quantiles,6,non-atom Q1: 4..321 (outer tails included); non-atom Q2: 321..1187 (outer tails included); non-atom Q3: 1187..3662.25 (outer tails included); non-atom Q4: 3662.25..405411 (outer tails included),5,0,2788,3.5184764168346456,0.8572059794384246,9.448859179427712,계산 가능,—,,1
AS1C50101,AS,Int32,320,False,86.12300206337963,7947,4.894829232237997,139825,86.12300206337963,0.8223885947325704,22530,3891,17.270306258322236,32471,20.0,0.0,0.0,0.0,0.0,2.0,8.0,56.0,493.1299999999974,595.0,quantiles,5,Q1: 0..1 (outer tails included); Q2: 1..3 (outer tails included); Q3: 3..12 (outer tails included); Q4: 12..595 (outer tails included),5,0,1484,3.398090958380079,0.8223885947325704,9.294674301286966,해석 주의,결측률 80% 이상,,1
AS1C50102,AS,int32,3985,False,86.0595608389024,139722,86.0595608389024,0,0.0,0.0,162355,32471,20.0,32471,20.0,0.0,0.0,0.0,0.0,0.0,0.0,620.0,6942.0,201488.0,dominant_atom_plus_nonatom_quantiles,6,non-atom Q1: 1..133.5 (outer tails included); non-atom Q2: 133.5..330 (outer tails included); non-atom Q3: 330..1156 (outer tails included); non-atom Q4: 1156..201488 (outer tails included),5,0,2783,3.3877876952394304,0.8572059794384246,9.593204627698452,계산 가능,—,,1
AS3C30110,AS,Int32,27570,False,69.16694896985001,0,0.0,112296,69.16694896985001,2.634667344825292,50059,7410,14.802533011046965,32471,20.0,4020.0,4020.0,7100.9,16800.0,29596.0,52148.0,121755.69999999998,241175.71999999962,263000.0,quantiles,6,Q1: 4020..14949.2 (outer tails included); Q2: 14949.2..24500 (outer tails included); Q3: 24500..38000 (outer tails included); Q4: 38000..62709.2 (outer tails included); Q5: 62709.2..263000 (outer tails included),6,0,4911,9.38396842472515,2.634667344825292,10.277093277513442,계산 가능,—,,1
ASCD20134,ASCD,int8,10,False,98.03516984386069,159165,98.03516984386067,0,0.0,0.0,162355,32471,20.0,32471,20.0,0.0,0.0,0.0,0.0,0.0,0.0,0.0,1.0,11.0,exact_categories,11,exact observed values in discovery; unseen later values separate,10,8,1,1.0085239329245377,0.5788974751482878,12.220888355342138,해석 주의,작은 구간 존재,,1
ASCD20136,ASCD,int8,13,False,93.06642850543561,151098,93.06642850543562,0,0.0,0.0,162355,32471,20.0,32471,20.0,0.0,0.0,0.0,0.0,0.0,0.0,1.0,1.0,13.0,exact_categories,14,exact observed values in discovery; unseen later values separate,13,11,3,2.128455328604015,1.105465580681575,17.58897818599311,해석 주의,작은 구간 존재,,1
ASCD30135,ASCD,Int32,2233,False,98.35114409781035,0,0.0,159678,98.35114409781035,0.4482875711641632,2677,566,21.1430706014195,32471,20.0,3083.0,3242.0800000000004,5590.0,14666.0,25691.0,42581.0,98065.39999999988,209100.0,209100.0,quantiles,6,Q1: 3083..11459.6 (outer tails included); Q2: 11459.6..19794 (outer tails included); Q3: 19794..30710 (outer tails included); Q4: 30710..48288.6 (outer tails included); Q5: 48288.6..209100 (outer tails included),6,5,248,,0.4482875711641632,26.97186982901269,해석 주의,404행 이상인 구간이 2개 미만; 작은 구간 존재; 결측률 80% 이상,,1
ASCD30137,ASCD,Int32,7291,False,93.87083859443811,0,0.0,152404,93.87083859443811,1.124314763147849,9951,1809,18.179077479650285,32471,20.0,3561.0,3561.0,6221.0,15329.5,26500.0,43861.0,102726.0,186712.5,216383.0,quantiles,6,Q1: 3561..13450 (outer tails included); Q2: 13450..22361.8 (outer tails included); Q3: 22361.8..33000 (outer tails included); Q4: 33000..51807.8 (outer tails included); Q5: 51807.8..216383 (outer tails included),6,0,1021,5.889632545129239,1.124314763147849,14.802404651621167,해석 주의,결측률 80% 이상,,1
C1L120161,C,int16,12487,False,0.14597640971944198,6,0.003695605309352961,0,0.0,0.0,162355,32471,20.0,32471,20.0,0.0,1357.0,2206.0,3919.0,5621.0,8331.0,10929.0,12515.459999999992,13625.0,quantiles,6,Q1: 0..3564 (outer tails included); Q2: 3564..4865 (outer tails included); Q3: 4865..6342 (outer tails included); Q4: 6342..8516 (outer tails included); Q5: 8516..13625 (outer tails included),5,0,16176,12.211513435468795,5.185103184307757,7.699733660948482,계산 가능,—,,1
C1N17J000,C,int32,12304,False,0.05605001385851991,0,0.0,0,0.0,0.0,162355,32471,20.0,32471,20.0,282.0,2431.0,3491.0,5957.0,8055.0,9071.0,11600.0,12928.0,45566.0,quantiles,6,Q1: 282..5537 (outer tails included); Q2: 5537..6937 (outer tails included); Q3: 6937..8319 (outer tails included); Q4: 8319..9694 (outer tails included); Q5: 9694..45566 (outer tails included),5,0,16175,9.049131667865923,7.912703818570447,8.54093898199196,계산 가능,—,,1
C20172001,C,int16,13800,False,0.13612146222783408,2,0.001231868436450987,0,0.0,0.0,162355,32471,20.0,32471,20.0,0.0,380.0,978.0,2673.0,4935.0,8036.0,10794.0,13115.919999999984,15315.0,quantiles,6,Q1: 15..2283 (outer tails included); Q2: 2283..4040 (outer tails included); Q3: 4040..5803 (outer tails included); Q4: 5803..8328 (outer tails included); Q5: 8328..15315 (outer tails included),5,0,16173,14.58794081828394,3.501152607794844,9.645617246288385,계산 가능,—,,1
C23172000,C,int16,13592,False,0.18108466015829508,8,0.004927473745803948,0,0.0,0.0,162355,32471,20.0,32471,20.0,0.0,489.53999999999996,1360.0,5224.0,8190.0,9073.0,11445.0,12882.0,14423.0,quantiles,6,Q1: 0..4347 (outer tails included); Q2: 4347..7629 (outer tails included); Q3: 7629..8385 (outer tails included); Q4: 8385..9605 (outer tails included); Q5: 9605..14423 (outer tails included),5,0,16158,10.519244998952102,11.014144063058213,8.007147559484626,계산 가능,—,,1
L2017300H,L,int16,8347,False,14.2280804410089,23100,14.2280804410089,0,0.0,0.0,162355,32471,20.0,32471,20.0,0.0,0.0,0.0,1045.0,2234.0,3234.0,5599.0,7891.0,9236.0,quantiles,6,Q1: 0..587 (outer tails included); Q2: 587..1871 (outer tails included); Q3: 1871..2580 (outer tails included); Q4: 2580..3502 (outer tails included); Q5: 3502..9236 (outer tails included),5,0,16173,5.973805495752385,2.449632621149114,6.819268079348252,계산 가능,—,,1
L2Z000142,L,int16,13719,False,0.13735333066428507,2,0.001231868436450987,0,0.0,0.0,162355,32471,20.0,32471,20.0,0.0,599.0,1329.0,3059.0,5117.0,8066.0,10797.0,13115.919999999984,15310.0,quantiles,6,Q1: 52..2665 (outer tails included); Q2: 2665..4336 (outer tails included); Q3: 4336..5936 (outer tails included); Q4: 5936..8338 (outer tails included); Q5: 8338..15310 (outer tails included),5,0,16170,14.5669702101937,3.554305013765069,7.38114821021755,계산 가능,—,,1
L2Z001056,L,int16,7555,False,6.087277878722553,9883,6.087277878722553,0,0.0,0.0,162355,32471,20.0,32471,20.0,0.0,0.0,0.0,476.0,1180.0,2300.0,4501.0,6973.0,8763.0,quantiles,6,Q1: 0..337 (outer tails included); Q2: 337..872 (outer tails included); Q3: 872..1502 (outer tails included); Q4: 1502..2659 (outer tails included); Q5: 2659..8763 (outer tails included),5,0,16164,7.935783621653902,1.9715266629961647,7.532615281484059,계산 가능,—,,1
UA1040000,UA,Int32,6719,False,71.81053863447384,0,0.0,116588,71.81053863447384,3.15903804459009,45767,12083,26.401118709987546,32471,20.0,4.0,64.0,406.0,1364.0,2913.0,5286.0,6324.0,6639.0,7062.0,quantiles,6,Q1: 4..1055 (outer tails included); Q2: 1055..2172 (outer tails included); Q3: 2172..3748 (outer tails included); Q4: 3748..5501 (outer tails included); Q5: 5501..7062 (outer tails included),6,0,4536,14.831041748210652,3.15903804459009,9.799259868713957,계산 가능,—,,1
UA1040003,UA,Int32,5915,False,83.02670074836007,0,0.0,134798,83.02670074836007,3.0582121117004424,27557,8310,30.155677323366113,32471,20.0,4.0,34.0,186.0,485.0,1217.0,2512.0,5368.199999999997,8474.0,11382.0,quantiles,6,Q1: 4..308 (outer tails included); Q2: 308..790.4 (outer tails included); Q3: 790.4..1515 (outer tails included); Q4: 1515..2732.8 (outer tails included); Q5: 2732.8..11382 (outer tails included),6,0,2751,22.540904396579936,3.615873590731686,22.889020683519906,해석 주의,결측률 80% 이상,,1
D10110D0K,D,int8,12,False,98.97446952665454,160690,98.97446952665456,0,0.0,0.0,162355,32471,20.0,32471,20.0,0.0,0.0,0.0,0.0,0.0,0.0,0.0,1.0,13.0,exact_categories,13,exact observed values in discovery; unseen later values separate,11,9,1,21.588508934880615,0.6183642956604118,14.202127659574465,해석 주의,작은 구간 존재,,1
D10110D0N,D,int8,17,False,98.14357426626836,159341,98.14357426626836,0,0.0,0.0,162355,32471,20.0,32471,20.0,0.0,0.0,0.0,0.0,0.0,0.0,0.0,1.0,17.0,dominant_atom_plus_nonatom_quantiles,4,non-atom Q1: 1..2 (outer tails included); non-atom Q2: 2..17 (outer tails included),3,1,297,16.626383386776798,1.1434356528637557,26.281732205077155,해석 주의,작은 구간 존재,,1
D10110D0T,D,int8,25,False,96.35120569123218,156431,96.35120569123218,0,0.0,0.0,162355,32471,20.0,32471,20.0,0.0,0.0,0.0,0.0,0.0,0.0,0.0,2.0,29.0,dominant_atom_plus_nonatom_quantiles,4,non-atom Q1: 1..3 (outer tails included); non-atom Q2: 3..29 (outer tails included),3,0,593,16.533874167199386,3.53061821046321,24.22731272833942,계산 가능,—,,1
D10120D0K,D,int8,8,False,98.97446952665454,160690,98.97446952665456,0,0.0,0.0,162355,32471,20.0,32471,20.0,0.0,0.0,0.0,0.0,0.0,0.0,0.0,1.0,7.0,exact_categories,9,exact observed values in discovery; unseen later values separate,7,5,2,22.31383252385658,0.6183642956604118,15.974508018768823,해석 주의,작은 구간 존재,,1
D10120D0N,D,int8,8,False,98.14357426626836,159341,98.14357426626836,0,0.0,0.0,162355,32471,20.0,32471,20.0,0.0,0.0,0.0,0.0,0.0,0.0,0.0,1.0,7.0,exact_categories,9,exact observed values in discovery; unseen later values separate,8,6,2,15.807824192992506,1.1434356528637557,34.86486486486486,해석 주의,작은 구간 존재,,1
D10120D0T,D,int8,10,False,96.35120569123218,156431,96.35120569123218,0,0.0,0.0,162355,32471,20.0,32471,20.0,0.0,0.0,0.0,0.0,0.0,0.0,0.0,1.0,10.0,exact_categories,11,exact observed values in discovery; unseen later values separate,10,7,1,17.602567151615972,3.53061821046321,44.43712969058591,해석 주의,작은 구간 존재,,1
D10142D0K,D,int16,393,False,98.97446952665454,160690,98.97446952665456,0,0.0,0.0,162355,32471,20.0,32471,20.0,0.0,0.0,0.0,0.0,0.0,0.0,0.0,10.0,23374.0,dominant_atom_plus_nonatom_quantiles,6,non-atom Q1: 10..23 (outer tails included); non-atom Q2: 23..51 (outer tails included); non-atom Q3: 51..145 (outer tails included); non-atom Q4: 145..17005 (outer tails included),5,4,192,,0.6183642956604118,26.041666666666664,해석 주의,404행 이상인 구간이 2개 미만; 작은 구간 존재,,1
D10142D0N,D,int16,513,False,98.14357426626836,159341,98.14357426626836,0,0.0,0.0,162355,32471,20.0,32471,20.0,0.0,0.0,0.0,0.0,0.0,0.0,0.0,46.0,32607.0,dominant_atom_plus_nonatom_quantiles,6,non-atom Q1: 10..22 (outer tails included); non-atom Q2: 22..50.5 (outer tails included); non-atom Q3: 50.5..138 (outer tails included); non-atom Q4: 138..22500 (outer tails included),5,0,407,32.86762974038271,1.1434356528637557,26.684050412863968,계산 가능,—,,1
D10142D0T,D,int32,710,False,96.35120569123218,156431,96.35120569123218,0,0.0,0.0,162355,32471,20.0,32471,20.0,0.0,0.0,0.0,0.0,0.0,0.0,0.0,132.0,40375.0,dominant_atom_plus_nonatom_quantiles,6,non-atom Q1: 10..25 (outer tails included); non-atom Q2: 25..54 (outer tails included); non-atom Q3: 54..145 (outer tails included); non-atom Q4: 145..40375 (outer tails included),5,0,829,21.89577685679614,3.53061821046321,31.292517006802726,계산 가능,—,,1
D10175D0K,D,int16,65,False,98.97446952665454,160690,98.97446952665456,0,0.0,0.0,162355,32471,20.0,32471,20.0,0.0,0.0,0.0,0.0,0.0,0.0,0.0,7.0,548.0,dominant_atom_plus_nonatom_quantiles,6,non-atom Q1: 7..8 (outer tails included); non-atom Q2: 8..10 (outer tails included); non-atom Q3: 10..13 (outer tails included); non-atom Q4: 13..548 (outer tails included),5,4,128,,0.6183642956604118,33.859649122807014,해석 주의,404행 이상인 구간이 2개 미만; 작은 구간 존재,,1
D10175D0N,D,int16,70,False,98.14357426626836,159341,98.14357426626836,0,0.0,0.0,162355,32471,20.0,32471,20.0,0.0,0.0,0.0,0.0,0.0,0.0,0.0,9.0,869.0,dominant_atom_plus_nonatom_quantiles,6,non-atom Q1: 7..8 (outer tails included); non-atom Q2: 8..9 (outer tails included); non-atom Q3: 9..13 (outer tails included); non-atom Q4: 13..869 (outer tails included),5,2,244,15.645578143331104,1.1434356528637557,40.0,해석 주의,작은 구간 존재,,1
D10175D0T,D,int16,81,False,96.35120569123218,156431,96.35120569123218,0,0.0,0.0,162355,32471,20.0,32471,20.0,0.0,0.0,0.0,0.0,0.0,0.0,0.0,13.0,869.0,dominant_atom_plus_nonatom_quantiles,6,non-atom Q1: 7..8 (outer tails included); non-atom Q2: 8..10 (outer tails included); non-atom Q3: 10..13 (outer tails included); non-atom Q4: 13..869 (outer tails included),5,0,676,21.126356185301738,3.53061821046321,36.470588235294116,계산 가능,—,,1
D10187D00,D,Int32,1544,False,93.90040343691294,0,0.0,152452,93.90040343691294,5.819388586286534,9903,3065,30.950217105927496,32471,20.0,1.0,5.0,17.0,164.0,314.0,588.0,1657.0,1792.0,1826.0,quantiles,6,Q1: 1..147 (outer tails included); Q2: 147..247 (outer tails included); Q3: 247..366 (outer tails included); Q4: 366..619 (outer tails included); Q5: 619..1826 (outer tails included),6,0,1129,17.587861542309724,5.819388586286534,20.0,해석 주의,결측률 80% 이상,,1
D10192000,D,int32,1299,False,94.05130732037819,152697,94.05130732037819,0,0.0,0.0,162355,32471,20.0,32471,20.0,0.0,0.0,0.0,0.0,0.0,0.0,26.0,392.0,41209.0,dominant_atom_plus_nonatom_quantiles,6,non-atom Q1: 10..36 (outer tails included); non-atom Q2: 36..89 (outer tails included); non-atom Q3: 89..246 (outer tails included); non-atom Q4: 246..41209 (outer tails included),5,0,1372,18.277169343764584,5.763265989643907,27.07509881422925,계산 가능,—,,1
D10210D00,D,int8,8,False,99.88728403806473,162172,99.88728403806473,0,0.0,0.0,162355,32471,20.0,32471,20.0,0.0,0.0,0.0,0.0,0.0,0.0,0.0,0.0,7.0,exact_categories,9,exact observed values in discovery; unseen later values separate,8,7,1,,0.1402150541804481,6.011082806268778,해석 주의,404행 이상인 구간이 2개 미만; 작은 구간 존재; 최빈값 비중 99.5% 이상,,1
D1Z000278,D,int8,8,False,99.90637799882973,162203,99.90637799882973,0,0.0,0.0,162355,32471,20.0,32471,20.0,0.0,0.0,0.0,0.0,0.0,0.0,0.0,0.0,7.0,exact_categories,9,exact observed values in discovery; unseen later values separate,7,6,1,,0.09977314606935961,5.9933151689375315,해석 주의,404행 이상인 구간이 2개 미만; 작은 구간 존재; 최빈값 비중 99.5% 이상,,1
D1Z000862,D,int8,8,False,99.83985710326138,162095,99.83985710326137,0,0.0,0.0,162355,32471,20.0,32471,20.0,0.0,0.0,0.0,0.0,0.0,0.0,0.0,0.0,7.0,exact_categories,9,exact observed values in discovery; unseen later values separate,8,7,1,,0.18290387748232106,6.0090327846551475,해석 주의,404행 이상인 구간이 2개 미만; 작은 구간 존재; 최빈값 비중 99.5% 이상,,1
D1Z001026,D,int8,8,False,99.92670382803117,162236,99.92670382803117,0,0.0,0.0,162355,32471,20.0,32471,20.0,0.0,0.0,0.0,0.0,0.0,0.0,0.0,0.0,7.0,exact_categories,9,exact observed values in discovery; unseen later values separate,7,6,1,,0.09314754433870087,5.99464197163433,해석 주의,404행 이상인 구간이 2개 미만; 작은 구간 존재; 최빈값 비중 99.5% 이상,,1
DA1000055,DA,int8,15,False,99.4370361245419,161441,99.4370361245419,0,0.0,0.0,162355,32471,20.0,32471,20.0,0.0,0.0,0.0,0.0,0.0,0.0,0.0,0.0,18.0,dominant_atom_plus_nonatom_quantiles,4,non-atom Q1: 1..2 (outer tails included); non-atom Q2: 2..18 (outer tails included),3,2,94,,0.40382153981866065,29.272727272727273,해석 주의,404행 이상인 구간이 2개 미만; 작은 구간 존재,,1
DA1000064,DA,int8,8,False,99.89036370915586,162177,99.89036370915586,0,0.0,0.0,162355,32471,20.0,32471,20.0,0.0,0.0,0.0,0.0,0.0,0.0,0.0,0.0,10.0,exact_categories,8,exact observed values in discovery; unseen later values separate,6,5,1,,0.1273314053076957,5.876262138213924,해석 주의,404행 이상인 구간이 2개 미만; 작은 구간 존재; 최빈값 비중 99.5% 이상,,1
DA1000066,DA,int16,83,False,99.25779926703828,161150,99.25779926703828,0,0.0,0.0,162355,32471,20.0,32471,20.0,0.0,0.0,0.0,0.0,0.0,0.0,0.0,0.0,343.0,dominant_atom_plus_nonatom_quantiles,6,non-atom Q1: 7..9 (outer tails included); non-atom Q2: 9..13 (outer tails included); non-atom Q3: 13..21 (outer tails included); non-atom Q4: 21..343 (outer tails included),5,4,144,,0.5007565114201196,22.764227642276424,해석 주의,404행 이상인 구간이 2개 미만; 작은 구간 존재,,1
DA1000090,DA,int16,78,False,99.4370361245419,161441,99.4370361245419,0,0.0,0.0,162355,32471,20.0,32471,20.0,0.0,0.0,0.0,0.0,0.0,0.0,0.0,0.0,343.0,dominant_atom_plus_nonatom_quantiles,6,non-atom Q1: 7..9 (outer tails included); non-atom Q2: 9..13 (outer tails included); non-atom Q3: 13..23 (outer tails included); non-atom Q4: 23..343 (outer tails included),5,4,97,,0.40382153981866065,14.408602150537625,해석 주의,404행 이상인 구간이 2개 미만; 작은 구간 존재,,1
DA1000091,DA,int16,120,False,99.57562132364264,161666,99.57562132364264,0,0.0,0.0,162355,32471,20.0,32471,20.0,0.0,0.0,0.0,0.0,0.0,0.0,0.0,0.0,343.0,dominant_atom_plus_nonatom_quantiles,6,non-atom Q1: 7..10 (outer tails included); non-atom Q2: 10..17 (outer tails included); non-atom Q3: 17..37 (outer tails included); non-atom Q4: 37..343 (outer tails included),5,4,69,,0.44615988772247483,5.764661970486788,해석 주의,404행 이상인 구간이 2개 미만; 작은 구간 존재; 최빈값 비중 99.5% 이상,,1
DA1000092,DA,int16,75,False,99.57562132364264,161666,99.57562132364264,0,0.0,0.0,162355,32471,20.0,32471,20.0,0.0,0.0,0.0,0.0,0.0,0.0,0.0,0.0,343.0,dominant_atom_plus_nonatom_quantiles,6,non-atom Q1: 7..9 (outer tails included); non-atom Q2: 9..13 (outer tails included); non-atom Q3: 13..26 (outer tails included); non-atom Q4: 26..343 (outer tails included),5,4,78,,0.44615988772247483,5.764661970486788,해석 주의,404행 이상인 구간이 2개 미만; 작은 구간 존재; 최빈값 비중 99.5% 이상,,1
DA1000097,DA,int8,18,False,99.25779926703828,161150,99.25779926703828,0,0.0,0.0,162355,32471,20.0,32471,20.0,0.0,0.0,0.0,0.0,0.0,0.0,0.0,0.0,26.0,dominant_atom_plus_nonatom_quantiles,4,non-atom Q1: 1..3 (outer tails included); non-atom Q2: 3..26 (outer tails included),3,1,111,35.67187191818393,0.5007565114201196,36.742424242424235,해석 주의,작은 구간 존재,,1
DA1000098,DA,int16,155,False,99.25779926703828,161150,99.25779926703828,0,0.0,0.0,162355,32471,20.0,32471,20.0,0.0,0.0,0.0,0.0,0.0,0.0,0.0,0.0,674.0,dominant_atom_plus_nonatom_quantiles,6,non-atom Q1: 7..10 (outer tails included); non-atom Q2: 10..18 (outer tails included); non-atom Q3: 18..42 (outer tails included); non-atom Q4: 42..674 (outer tails included),5,4,143,,0.5007565114201196,23.267973856209146,해석 주의,404행 이상인 구간이 2개 미만; 작은 구간 존재,,1
DA1000104,DA,Int32,649,False,99.03236734316775,0,0.0,160784,99.03236734316775,0.804414259725339,1571,827,52.641629535327816,32471,20.0,1.0,1.700000000000001,6.0,44.5,163.0,407.5,939.0,1624.6,1812.0,quantiles,6,Q1: 1..36 (outer tails included); Q2: 36..105 (outer tails included); Q3: 105..230.4 (outer tails included); Q4: 230.4..473.6 (outer tails included); Q5: 473.6..1794 (outer tails included),6,5,168,,0.804414259725339,29.468177855274632,해석 주의,404행 이상인 구간이 2개 미만; 작은 구간 존재; 결측률 80% 이상,,1
DA1000147,DA,int8,13,False,99.57562132364264,161666,99.57562132364264,0,0.0,0.0,162355,32471,20.0,32471,20.0,0.0,0.0,0.0,0.0,0.0,0.0,0.0,0.0,13.0,exact_categories,14,exact observed values in discovery; unseen later values separate,12,11,1,,0.44615988772247483,39.052287581699346,해석 주의,404행 이상인 구간이 2개 미만; 작은 구간 존재; 최빈값 비중 99.5% 이상,,1
DUN000002,DUN,int8,11,False,99.78935049736688,162013,99.78935049736688,0,0.0,0.0,162355,32471,20.0,32471,20.0,0.0,0.0,0.0,0.0,0.0,0.0,0.0,0.0,13.0,exact_categories,11,exact observed values in discovery; unseen later values separate,9,8,1,,0.159253784305613,5.9115540925372585,해석 주의,404행 이상인 구간이 2개 미만; 작은 구간 존재; 최빈값 비중 99.5% 이상,,1
DUN000007,DUN,int8,12,False,93.32327307443565,151515,93.32327307443565,0,0.0,0.0,162355,32471,20.0,32471,20.0,0.0,0.0,0.0,0.0,0.0,0.0,1.0,3.0,12.0,exact_categories,13,exact observed values in discovery; unseen later values separate,12,8,1,19.910261040529132,6.058638734644539,36.77791385997142,해석 주의,작은 구간 존재,,1
DUN000008,DUN,int32,277,False,99.78688676049397,162009,99.78688676049399,0,0.0,0.0,162355,32471,20.0,32471,20.0,0.0,0.0,0.0,0.0,0.0,0.0,0.0,0.0,203733.0,dominant_atom_plus_nonatom_quantiles,6,non-atom Q1: 10..104.75 (outer tails included); non-atom Q2: 104.75..319 (outer tails included); non-atom Q3: 319..922.25 (outer tails included); non-atom Q4: 922.25..196977 (outer tails included),5,4,42,,0.159253784305613,5.911691531145795,해석 주의,404행 이상인 구간이 2개 미만; 작은 구간 존재; 최빈값 비중 99.5% 이상,,1
DUN000009,DUN,int16,631,False,93.32327307443565,151515,93.32327307443565,0,0.0,0.0,162355,32471,20.0,32471,20.0,0.0,0.0,0.0,0.0,0.0,0.0,9.0,62.0,2557.0,dominant_atom_plus_nonatom_quantiles,6,non-atom Q1: 7..9 (outer tails included); non-atom Q2: 9..13 (outer tails included); non-atom Q3: 13..25 (outer tails included); non-atom Q4: 25..2557 (outer tails included),5,0,1206,22.35426619955701,6.058638734644539,38.82538431217975,계산 가능,—,,1
DUN000011,DUN,int8,14,False,98.69237165470727,160232,98.69237165470727,0,0.0,0.0,162355,32471,20.0,32471,20.0,0.0,0.0,0.0,0.0,0.0,0.0,0.0,1.0,19.0,exact_categories,15,exact observed values in discovery; unseen later values separate,13,11,1,26.092996680633405,0.9879092843725013,22.727272727272734,해석 주의,작은 구간 존재,,1
DUN000012,DUN,int32,271,False,99.79181423423978,162017,99.79181423423978,0,0.0,0.0,162355,32471,20.0,32471,20.0,0.0,0.0,0.0,0.0,0.0,0.0,0.0,0.0,177772.0,dominant_atom_plus_nonatom_quantiles,6,non-atom Q1: 10..104 (outer tails included); non-atom Q2: 104..303 (outer tails included); non-atom Q3: 303..918 (outer tails included); non-atom Q4: 918..177772 (outer tails included),5,4,40,,0.159253784305613,5.9115540925372585,해석 주의,404행 이상인 구간이 2개 미만; 작은 구간 존재; 최빈값 비중 99.5% 이상,,1
DUN000013,DUN,int32,508,False,98.69237165470727,160232,98.69237165470727,0,0.0,0.0,162355,32471,20.0,32471,20.0,0.0,0.0,0.0,0.0,0.0,0.0,0.0,25.0,95343.0,dominant_atom_plus_nonatom_quantiles,6,non-atom Q1: 10..25 (outer tails included); non-atom Q2: 25..55 (outer tails included); non-atom Q3: 55..167 (outer tails included); non-atom Q4: 167..95343 (outer tails included),5,4,245,,0.9879092843725013,27.147401908801697,해석 주의,404행 이상인 구간이 2개 미만; 작은 구간 존재,,1
DUN000022,DUN,int8,9,False,98.59998152197346,160082,98.59998152197345,0,0.0,0.0,162355,32471,20.0,32471,20.0,0.0,0.0,0.0,0.0,0.0,0.0,0.0,1.0,8.0,exact_categories,10,exact observed values in discovery; unseen later values separate,9,7,1,27.92729307093782,1.0344117711901801,16.869918699186996,해석 주의,작은 구간 존재,,1
DUN000023,DUN,int8,15,False,98.59998152197346,160082,98.59998152197345,0,0.0,0.0,162355,32471,20.0,32471,20.0,0.0,0.0,0.0,0.0,0.0,0.0,0.0,1.0,20.0,dominant_atom_plus_nonatom_quantiles,4,non-atom Q1: 1..2 (outer tails included); non-atom Q2: 2..20 (outer tails included),3,1,173,28.729661599987477,1.0344117711901801,16.001855287569576,해석 주의,작은 구간 존재,,1
DUN000024,DUN,int32,275,False,99.78996643158511,162014,99.7899664315851,0,0.0,0.0,162355,32471,20.0,32471,20.0,0.0,0.0,0.0,0.0,0.0,0.0,0.0,0.0,203733.0,dominant_atom_plus_nonatom_quantiles,6,non-atom Q1: 10..104 (outer tails included); non-atom Q2: 104..300.5 (outer tails included); non-atom Q3: 300.5..922.25 (outer tails included); non-atom Q4: 922.25..196977 (outer tails included),5,4,40,,0.159253784305613,5.9115540925372585,해석 주의,404행 이상인 구간이 2개 미만; 작은 구간 존재; 최빈값 비중 99.5% 이상,,1
DUN000025,DUN,int32,541,False,98.59998152197346,160082,98.59998152197345,0,0.0,0.0,162355,32471,20.0,32471,20.0,0.0,0.0,0.0,0.0,0.0,0.0,0.0,29.0,134000.0,dominant_atom_plus_nonatom_quantiles,6,non-atom Q1: 10..25 (outer tails included); non-atom Q2: 25..57 (outer tails included); non-atom Q3: 57..173.5 (outer tails included); non-atom Q4: 173.5..134000 (outer tails included),5,4,270,,1.0344117711901801,29.529780564263323,해석 주의,404행 이상인 구간이 2개 미만; 작은 구간 존재,,1
DUN000026,DUN,int32,1118,False,99.07671460687999,160856,99.07671460687999,0,0.0,0.0,162355,32471,20.0,32471,20.0,0.0,0.0,0.0,0.0,0.0,0.0,0.0,0.0,413070.0,dominant_atom_plus_nonatom_quantiles,6,non-atom Q1: 2..372.25 (outer tails included); non-atom Q2: 372.25..1470 (outer tails included); non-atom Q3: 1470..4403 (outer tails included); non-atom Q4: 4403..413070 (outer tails included),5,4,187,,0.6295587320522711,32.169117647058826,해석 주의,404행 이상인 구간이 2개 미만; 작은 구간 존재,,1
DUN000027,DUN,int16,82,False,98.59998152197346,160082,98.59998152197345,0,0.0,0.0,162355,32471,20.0,32471,20.0,0.0,0.0,0.0,0.0,0.0,0.0,0.0,8.0,548.0,dominant_atom_plus_nonatom_quantiles,6,non-atom Q1: 7..8 (outer tails included); non-atom Q2: 8..10 (outer tails included); non-atom Q3: 10..16 (outer tails included); non-atom Q4: 16..548 (outer tails included),5,4,225,,1.0344117711901801,33.87755102040816,해석 주의,404행 이상인 구간이 2개 미만; 작은 구간 존재,,1
DUN000028,DUN,Int32,1496,False,93.4113516676419,0,0.0,151658,93.4113516676419,6.143601550801359,10697,3579,33.457978872581094,32471,20.0,1.0,4.0,14.0,133.0,281.0,512.0,1571.0,1776.039999999999,1825.0,quantiles,6,Q1: 1..116 (outer tails included); Q2: 116..222 (outer tails included); Q3: 222..334.6 (outer tails included); Q4: 334.6..553 (outer tails included); Q5: 553..1825 (outer tails included),6,0,1215,28.040692751112083,6.143601550801359,18.71725536589488,해석 주의,결측률 80% 이상,,1
DUN000029,DUN,int16,77,False,99.15986572634043,160991,99.15986572634043,0,0.0,0.0,162355,32471,20.0,32471,20.0,0.0,0.0,0.0,0.0,0.0,0.0,0.0,0.0,548.0,dominant_atom_plus_nonatom_quantiles,6,non-atom Q1: 7..8 (outer tails included); non-atom Q2: 8..11 (outer tails included); non-atom Q3: 11..20 (outer tails included); non-atom Q4: 20..548 (outer tails included),5,4,124,,0.6581592797551661,27.51243781094528,해석 주의,404행 이상인 구간이 2개 미만; 작은 구간 존재,,1
DUN000030,DUN,int16,90,False,95.76976378922731,155487,95.76976378922731,0,0.0,0.0,162355,32471,20.0,32471,20.0,0.0,0.0,0.0,0.0,0.0,0.0,0.0,14.0,548.0,dominant_atom_plus_nonatom_quantiles,6,non-atom Q1: 7..8 (outer tails included); non-atom Q2: 8..10 (outer tails included); non-atom Q3: 10..14 (outer tails included); non-atom Q4: 14..548 (outer tails included),5,0,862,29.961374285508448,3.8294284855771576,40.687361419068736,계산 가능,—,,1
D20110000,D,int8,13,False,99.8355455637338,162088,99.83554556373379,0,0.0,0.0,162355,32471,20.0,32471,20.0,0.0,0.0,0.0,0.0,0.0,0.0,0.0,0.0,12.0,exact_categories,14,exact observed values in discovery; unseen later values separate,12,11,2,,0.3171760061633777,6.05930421676954,해석 주의,404행 이상인 구간이 2개 미만; 작은 구간 존재; 최빈값 비중 99.5% 이상,1.0,2
D20210000,D,int8,13,False,99.83862523482492,162093,99.83862523482492,0,0.0,0.0,162355,32471,20.0,32471,20.0,0.0,0.0,0.0,0.0,0.0,0.0,0.0,0.0,12.0,exact_categories,14,exact observed values in discovery; unseen later values separate,12,11,2,,0.3171760061633777,6.05930421676954,해석 주의,404행 이상인 구간이 2개 미만; 작은 구간 존재; 최빈값 비중 99.5% 이상,,1
D20384000,D,int16,6,False,99.99692032890887,162350,99.99692032890887,0,0.0,0.0,162355,32471,20.0,32471,20.0,0.0,0.0,0.0,0.0,0.0,0.0,0.0,0.0,350.0,exact_categories,3,exact observed values in discovery; unseen later values separate,1,0,80903,,0.01605136436597654,5.955084890438254,계산 불가,탐색 기간의 유효 구간이 1개 이하,,1
D2Z000033,D,int16,301,False,99.75177851005512,161952,99.75177851005513,0,0.0,0.0,162355,32471,20.0,32471,20.0,0.0,0.0,0.0,0.0,0.0,0.0,0.0,0.0,1094.0,dominant_atom_plus_nonatom_quantiles,6,non-atom Q1: 236..619.75 (outer tails included); non-atom Q2: 619.75..836.5 (outer tails included); non-atom Q3: 836.5..975 (outer tails included); non-atom Q4: 975..1086 (outer tails included),5,4,52,,0.13874507852164042,6.003141029690401,해석 주의,404행 이상인 구간이 2개 미만; 작은 구간 존재; 최빈값 비중 99.5% 이상,,1
D2Z000067,D,int8,13,False,99.8355455637338,162088,99.83554556373379,0,0.0,0.0,162355,32471,20.0,32471,20.0,0.0,0.0,0.0,0.0,0.0,0.0,0.0,0.0,12.0,exact_categories,14,exact observed values in discovery; unseen later values separate,12,11,2,,0.3171760061633777,6.05930421676954,해석 주의,404행 이상인 구간이 2개 미만; 작은 구간 존재; 최빈값 비중 99.5% 이상,1.0,2
D2Z000071,D,Int32,1843,False,98.05919127837147,262,0.1613747651750793,159204,98.05919127837147,0.649830752754843,3151,1282,40.68549666772453,32471,20.0,0.0,0.0,0.0,1364.5,1780.0,2681.0,3963.5,4267.5,4375.0,quantiles,6,Q1: 0..1143.4 (outer tails included); Q2: 1143.4..1547 (outer tails included); Q3: 1547..1907.6 (outer tails included); Q4: 1907.6..2994.6 (outer tails included); Q5: 2994.6..4375 (outer tails included),6,5,328,,0.649830752754843,36.36363636363636,해석 주의,404행 이상인 구간이 2개 미만; 작은 구간 존재; 결측률 80% 이상,,1
D2Z000072,D,Int32,1187,False,98.05919127837147,262,0.1613747651750793,159204,98.05919127837147,0.649830752754843,3151,1282,40.68549666772453,32471,20.0,0.0,0.0,0.0,909.0,1288.0,1566.5,1775.0,1816.0,1826.0,quantiles,6,Q1: 0..624.2 (outer tails included); Q2: 624.2..1137 (outer tails included); Q3: 1137..1369 (outer tails included); Q4: 1369..1608 (outer tails included); Q5: 1608..1826 (outer tails included),6,5,329,,0.649830752754843,39.233449477351925,해석 주의,404행 이상인 구간이 2개 미만; 작은 구간 존재; 결측률 80% 이상,,1
D2Z000078,D,Int32,1186,False,98.06103908102615,262,0.1613747651750793,159207,98.06103908102615,0.649830752754843,3148,1282,40.72426937738246,32471,20.0,0.0,0.0,0.0,908.0,1288.0,1566.0,1773.6499999999996,1815.0,1825.0,quantiles,6,Q1: 0..624 (outer tails included); Q2: 624..1137 (outer tails included); Q3: 1137..1369 (outer tails included); Q4: 1369..1608 (outer tails included); Q5: 1608..1825 (outer tails included),6,5,328,,0.649830752754843,39.233449477351925,해석 주의,404행 이상인 구간이 2개 미만; 작은 구간 존재; 결측률 80% 이상,,1
DA0D00001,DA,int16,200,False,98.9442887499615,160641,98.9442887499615,0,0.0,0.0,162355,32471,20.0,32471,20.0,0.0,0.0,0.0,0.0,0.0,0.0,0.0,4.0,2573.0,dominant_atom_plus_nonatom_quantiles,6,non-atom Q1: 1..14 (outer tails included); non-atom Q2: 14..22 (outer tails included); non-atom Q3: 22..48 (outer tails included); non-atom Q4: 48..2573 (outer tails included),5,4,200,,1.0058801367871406,39.44444444444444,해석 주의,404행 이상인 구간이 2개 미만; 작은 구간 존재,,1
DA0D00003,DA,int16,183,False,99.05084536971451,160814,99.05084536971451,0,0.0,0.0,162355,32471,20.0,32471,20.0,0.0,0.0,0.0,0.0,0.0,0.0,0.0,0.0,2573.0,dominant_atom_plus_nonatom_quantiles,6,non-atom Q1: 1..14 (outer tails included); non-atom Q2: 14..22 (outer tails included); non-atom Q3: 22..45 (outer tails included); non-atom Q4: 45..2573 (outer tails included),5,4,174,,0.8731420425068137,38.725292456635735,해석 주의,404행 이상인 구간이 2개 미만; 작은 구간 존재,,1
DA0D00009,DA,int8,4,False,99.59841088971699,161703,99.59841088971697,0,0.0,0.0,162355,32471,20.0,32471,20.0,0.0,0.0,0.0,0.0,0.0,0.0,0.0,0.0,3.0,exact_categories,5,exact observed values in discovery; unseen later values separate,4,3,5,,0.31661850644387757,28.1947261663286,해석 주의,404행 이상인 구간이 2개 미만; 작은 구간 존재; 최빈값 비중 99.5% 이상,,1
DA0D00011,DA,int8,4,False,99.65569277201195,161796,99.65569277201195,0,0.0,0.0,162355,32471,20.0,32471,20.0,0.0,0.0,0.0,0.0,0.0,0.0,0.0,0.0,3.0,exact_categories,5,exact observed values in discovery; unseen later values separate,4,3,4,,0.2712974803058765,30.95238095238095,해석 주의,404행 이상인 구간이 2개 미만; 작은 구간 존재; 최빈값 비중 99.5% 이상,,1
DA0D00013,DA,int16,78,False,99.81460380031413,162054,99.81460380031413,0,0.0,0.0,162355,32471,20.0,32471,20.0,0.0,0.0,0.0,0.0,0.0,0.0,0.0,0.0,3175.0,dominant_atom_plus_nonatom_quantiles,5,non-atom Q1: 1..9 (outer tails included); non-atom Q2: 9..30 (outer tails included); non-atom Q3: 30..3175 (outer tails included),4,3,28,,0.22494804162672688,5.859473779522325,해석 주의,404행 이상인 구간이 2개 미만; 작은 구간 존재; 최빈값 비중 99.5% 이상,2.0,4
DA0D00015,DA,int16,130,False,99.46105755905269,161480,99.46105755905269,0,0.0,0.0,162355,32471,20.0,32471,20.0,0.0,0.0,0.0,0.0,0.0,0.0,0.0,0.0,2943.0,dominant_atom_plus_nonatom_quantiles,5,non-atom Q1: 1..10 (outer tails included); non-atom Q2: 10..21 (outer tails included); non-atom Q3: 21..2943 (outer tails included),4,3,100,,0.4983761296926348,31.56565656565656,해석 주의,404행 이상인 구간이 2개 미만; 작은 구간 존재,,1
DA0D00017,DA,int16,574,False,99.1764959502325,161018,99.17649595023252,0,0.0,0.0,162355,32471,20.0,32471,20.0,0.0,0.0,0.0,0.0,0.0,0.0,0.0,0.0,1825.0,dominant_atom_plus_nonatom_quantiles,6,non-atom Q1: 1..44 (outer tails included); non-atom Q2: 44..145.5 (outer tails included); non-atom Q3: 145.5..315.75 (outer tails included); non-atom Q4: 315.75..1815 (outer tails included),5,4,196,,1.2044810039699705,26.03150787696924,해석 주의,404행 이상인 구간이 2개 미만; 작은 구간 존재,,1
DA0D00018,DA,int16,506,False,99.27073388562103,161171,99.27073388562101,0,0.0,0.0,162355,32471,20.0,32471,20.0,0.0,0.0,0.0,0.0,0.0,0.0,0.0,0.0,1824.0,dominant_atom_plus_nonatom_quantiles,6,non-atom Q1: 1..40 (outer tails included); non-atom Q2: 40..119 (outer tails included); non-atom Q3: 119..258 (outer tails included); non-atom Q4: 258..1812 (outer tails included),5,4,171,,1.0591532888057253,24.285714285714292,해석 주의,404행 이상인 구간이 2개 미만; 작은 구간 존재,,1
DA0D00019,DA,int8,2,False,99.54420867851313,161615,99.54420867851313,0,0.0,0.0,162355,32471,20.0,32471,20.0,0.0,0.0,0.0,0.0,0.0,0.0,0.0,0.0,1.0,exact_categories,3,exact observed values in discovery; unseen later values separate,2,1,371,,0.23104304144208054,17.250945775535936,해석 주의,404행 이상인 구간이 2개 미만; 작은 구간 존재; 최빈값 비중 99.5% 이상,,1
DA0D00021,DA,int8,9,False,99.65630870623018,161797,99.65630870623018,0,0.0,0.0,162355,32471,20.0,32471,20.0,0.0,0.0,0.0,0.0,0.0,0.0,0.0,0.0,8.0,exact_categories,8,exact observed values in discovery; unseen later values separate,6,5,1,,0.3596495830146318,11.584633853541419,해석 주의,404행 이상인 구간이 2개 미만; 작은 구간 존재; 최빈값 비중 99.5% 이상,,1
DA0D00023,DA,int16,81,False,99.81521973453236,162055,99.81521973453235,0,0.0,0.0,162355,32471,20.0,32471,20.0,0.0,0.0,0.0,0.0,0.0,0.0,0.0,0.0,2488.0,dominant_atom_plus_nonatom_quantiles,5,non-atom Q1: 1..9 (outer tails included); non-atom Q2: 9..28.5 (outer tails included); non-atom Q3: 28.5..2488 (outer tails included),4,3,28,,0.22494804162672688,5.859473779522325,해석 주의,404행 이상인 구간이 2개 미만; 작은 구간 존재; 최빈값 비중 99.5% 이상,,1
DA0D00024,DA,int8,10,False,99.44011579563302,161446,99.44011579563302,0,0.0,0.0,162355,32471,20.0,32471,20.0,0.0,0.0,0.0,0.0,0.0,0.0,0.0,0.0,10.0,exact_categories,11,exact observed values in discovery; unseen later values separate,9,8,1,,0.25390606244632963,30.395256916996047,해석 주의,404행 이상인 구간이 2개 미만; 작은 구간 존재,,1
DA0D00025,DA,int8,11,False,99.31446521511502,161242,99.31446521511502,0,0.0,0.0,162355,32471,20.0,32471,20.0,0.0,0.0,0.0,0.0,0.0,0.0,0.0,0.0,10.0,exact_categories,12,exact observed values in discovery; unseen later values separate,11,10,1,,0.36475342290787083,33.60678151490293,해석 주의,404행 이상인 구간이 2개 미만; 작은 구간 존재,,1
DA0D00026,DA,int8,15,False,99.13338055495673,160948,99.13338055495673,0,0.0,0.0,162355,32471,20.0,32471,20.0,0.0,0.0,0.0,0.0,0.0,0.0,0.0,0.0,18.0,dominant_atom_plus_nonatom_quantiles,4,non-atom Q1: 1..2 (outer tails included); non-atom Q2: 2..13 (outer tails included),3,1,154,41.09453345176828,0.6670706133607207,42.10084033613445,해석 주의,작은 구간 존재,,1
DA0D00030,DA,int8,6,False,99.81460380031413,162054,99.81460380031413,0,0.0,0.0,162355,32471,20.0,32471,20.0,0.0,0.0,0.0,0.0,0.0,0.0,0.0,0.0,7.0,exact_categories,6,exact observed values in discovery; unseen later values separate,4,3,4,,0.13741208619333067,5.922271745915207,해석 주의,404행 이상인 구간이 2개 미만; 작은 구간 존재; 최빈값 비중 99.5% 이상,,1
DA0D00031,DA,int8,6,False,99.77025653660189,161982,99.77025653660189,0,0.0,0.0,162355,32471,20.0,32471,20.0,0.0,0.0,0.0,0.0,0.0,0.0,0.0,0.0,8.0,exact_categories,7,exact observed values in discovery; unseen later values separate,5,4,4,,0.13214391447028295,21.517857142857146,해석 주의,404행 이상인 구간이 2개 미만; 작은 구간 존재; 최빈값 비중 99.5% 이상,,1
DA0D00032,DA,int8,9,False,99.70804718056112,161881,99.70804718056111,0,0.0,0.0,162355,32471,20.0,32471,20.0,0.0,0.0,0.0,0.0,0.0,0.0,0.0,0.0,8.0,exact_categories,9,exact observed values in discovery; unseen later values separate,7,6,4,,0.21654851754755455,27.997227997228002,해석 주의,404행 이상인 구간이 2개 미만; 작은 구간 존재; 최빈값 비중 99.5% 이상,,1
DA0D00033,DA,int16,114,False,99.44011579563302,161446,99.44011579563302,0,0.0,0.0,162355,32471,20.0,32471,20.0,0.0,0.0,0.0,0.0,0.0,0.0,0.0,0.0,1521.0,dominant_atom_plus_nonatom_quantiles,6,non-atom Q1: 1..13 (outer tails included); non-atom Q2: 13..19 (outer tails included); non-atom Q3: 19..36 (outer tails included); non-atom Q4: 36..929 (outer tails included),5,4,111,,0.25390606244632963,20.089285714285708,해석 주의,404행 이상인 구간이 2개 미만; 작은 구간 존재,,1
DA0D00034,DA,int16,120,False,99.31446521511502,161242,99.31446521511502,0,0.0,0.0,162355,32471,20.0,32471,20.0,0.0,0.0,0.0,0.0,0.0,0.0,0.0,0.0,1686.0,dominant_atom_plus_nonatom_quantiles,6,non-atom Q1: 1..13 (outer tails included); non-atom Q2: 13..19 (outer tails included); non-atom Q3: 19..36 (outer tails included); non-atom Q4: 36..1566 (outer tails included),5,4,141,,0.36475342290787083,32.38095238095237,해석 주의,404행 이상인 구간이 2개 미만; 작은 구간 존재,,1
DA0D00035,DA,int16,121,False,99.13338055495673,160948,99.13338055495673,0,0.0,0.0,162355,32471,20.0,32471,20.0,0.0,0.0,0.0,0.0,0.0,0.0,0.0,0.0,2138.0,dominant_atom_plus_nonatom_quantiles,6,non-atom Q1: 1..13 (outer tails included); non-atom Q2: 13..20 (outer tails included); non-atom Q3: 20..37 (outer tails included); non-atom Q4: 37..1566 (outer tails included),5,4,181,,0.6670706133607207,40.88669950738915,해석 주의,404행 이상인 구간이 2개 미만; 작은 구간 존재,,1
DA0D00036,DA,int16,78,False,99.81460380031413,162054,99.81460380031413,0,0.0,0.0,162355,32471,20.0,32471,20.0,0.0,0.0,0.0,0.0,0.0,0.0,0.0,0.0,3175.0,dominant_atom_plus_nonatom_quantiles,5,non-atom Q1: 1..9 (outer tails included); non-atom Q2: 9..30 (outer tails included); non-atom Q3: 30..3175 (outer tails included),4,3,28,,0.22494804162672688,5.859473779522325,해석 주의,404행 이상인 구간이 2개 미만; 작은 구간 존재; 최빈값 비중 99.5% 이상,2.0,4
DA0D00037,DA,int16,78,False,99.81460380031413,162054,99.81460380031413,0,0.0,0.0,162355,32471,20.0,32471,20.0,0.0,0.0,0.0,0.0,0.0,0.0,0.0,0.0,3175.0,dominant_atom_plus_nonatom_quantiles,5,non-atom Q1: 1..9 (outer tails included); non-atom Q2: 9..30 (outer tails included); non-atom Q3: 30..3175 (outer tails included),4,3,28,,0.22494804162672688,5.859473779522325,해석 주의,404행 이상인 구간이 2개 미만; 작은 구간 존재; 최빈값 비중 99.5% 이상,2.0,4
DA0D00038,DA,int16,78,False,99.81460380031413,162054,99.81460380031413,0,0.0,0.0,162355,32471,20.0,32471,20.0,0.0,0.0,0.0,0.0,0.0,0.0,0.0,0.0,3175.0,dominant_atom_plus_nonatom_quantiles,5,non-atom Q1: 1..9 (outer tails included); non-atom Q2: 9..30 (outer tails included); non-atom Q3: 30..3175 (outer tails included),4,3,28,,0.22494804162672688,5.859473779522325,해석 주의,404행 이상인 구간이 2개 미만; 작은 구간 존재; 최빈값 비중 99.5% 이상,2.0,4
DD0110X10,DD,int8,5,False,99.92116042006714,162227,99.92116042006714,0,0.0,0.0,162355,32471,20.0,32471,20.0,0.0,0.0,0.0,0.0,0.0,0.0,0.0,0.0,7.0,exact_categories,6,exact observed values in discovery; unseen later values separate,4,3,1,,0.08541280366575199,5.962462262848714,해석 주의,404행 이상인 구간이 2개 미만; 작은 구간 존재; 최빈값 비중 99.5% 이상,,1
DD0140X16,DD,int8,2,False,99.99938406578177,162354,99.99938406578177,0,0.0,0.0,162355,32471,20.0,32471,20.0,0.0,0.0,0.0,0.0,0.0,0.0,0.0,0.0,69.0,exact_categories,3,exact observed values in discovery; unseen later values separate,2,1,1,,0.007269026677327905,5.955084890438254,해석 주의,404행 이상인 구간이 2개 미만; 작은 구간 존재; 최빈값 비중 99.5% 이상,,1
DD0140X1C,DD,int8,3,False,99.99876813156355,162353,99.99876813156355,0,0.0,0.0,162355,32471,20.0,32471,20.0,0.0,0.0,0.0,0.0,0.0,0.0,0.0,0.0,69.0,exact_categories,4,exact observed values in discovery; unseen later values separate,2,1,1,,0.007269026677327905,5.955084890438254,해석 주의,404행 이상인 구간이 2개 미만; 작은 구간 존재; 최빈값 비중 99.5% 이상,,1
DD0210X13,DD,int8,2,False,99.99938406578177,162354,99.99938406578177,0,0.0,0.0,162355,32471,20.0,32471,20.0,0.0,0.0,0.0,0.0,0.0,0.0,0.0,0.0,1.0,exact_categories,3,exact observed values in discovery; unseen later values separate,2,1,1,,0.007269026677327905,5.955084890438254,해석 주의,404행 이상인 구간이 2개 미만; 작은 구간 존재; 최빈값 비중 99.5% 이상,3.0,2
DD0210X16,DD,int8,2,False,99.99938406578177,162354,99.99938406578177,0,0.0,0.0,162355,32471,20.0,32471,20.0,0.0,0.0,0.0,0.0,0.0,0.0,0.0,0.0,1.0,exact_categories,3,exact observed values in discovery; unseen later values separate,2,1,1,,0.007269026677327905,5.955084890438254,해석 주의,404행 이상인 구간이 2개 미만; 작은 구간 존재; 최빈값 비중 99.5% 이상,3.0,2
DD0211X10,DD,int8,2,False,99.99876813156355,162353,99.99876813156355,0,0.0,0.0,162355,32471,20.0,32471,20.0,0.0,0.0,0.0,0.0,0.0,0.0,0.0,0.0,1.0,exact_categories,3,exact observed values in discovery; unseen later values separate,2,1,1,,0.007269026677327905,5.955084890438254,해석 주의,404행 이상인 구간이 2개 미만; 작은 구간 존재; 최빈값 비중 99.5% 이상,,1
DDC001000,DDC,int8,1,True,100.0,162355,100.0,0,0.0,0.0,162355,32471,20.0,32471,20.0,0.0,0.0,0.0,0.0,0.0,0.0,0.0,0.0,0.0,exact_categories,2,exact observed values in discovery; unseen later values separate,1,0,80903,,0.0,5.955084890438254,계산 불가,탐색 기간의 유효 구간이 1개 이하,4.0,10
DDC001001,DDC,int8,2,False,99.99938406578177,162354,99.99938406578177,0,0.0,0.0,162355,32471,20.0,32471,20.0,0.0,0.0,0.0,0.0,0.0,0.0,0.0,0.0,1.0,exact_categories,3,exact observed values in discovery; unseen later values separate,2,1,1,,0.0076120879957372305,5.955084890438254,해석 주의,404행 이상인 구간이 2개 미만; 작은 구간 존재; 최빈값 비중 99.5% 이상,,1
DDC005002,DDC,int8,2,False,99.99938406578177,162354,99.99938406578177,0,0.0,0.0,162355,32471,20.0,32471,20.0,0.0,0.0,0.0,0.0,0.0,0.0,0.0,0.0,125.0,exact_categories,3,exact observed values in discovery; unseen later values separate,2,1,1,,0.0076120879957372305,5.955084890438254,해석 주의,404행 이상인 구간이 2개 미만; 작은 구간 존재; 최빈값 비중 99.5% 이상,,1
DDC006003,DDC,int16,2,False,99.99938406578177,162354,99.99938406578177,0,0.0,0.0,162355,32471,20.0,32471,20.0,0.0,0.0,0.0,0.0,0.0,0.0,0.0,0.0,2052.0,exact_categories,3,exact observed values in discovery; unseen later values separate,2,1,1,,0.0076120879957372305,5.955084890438254,해석 주의,404행 이상인 구간이 2개 미만; 작은 구간 존재; 최빈값 비중 99.5% 이상,,1
D32000001,D,int8,2,False,99.98829724985372,162336,99.98829724985372,0,0.0,0.0,162355,32471,20.0,32471,20.0,0.0,0.0,0.0,0.0,0.0,0.0,0.0,0.0,1.0,exact_categories,3,exact observed values in discovery; unseen later values separate,2,1,8,,0.022200843632058653,5.951503808101926,해석 주의,404행 이상인 구간이 2개 미만; 작은 구간 존재; 최빈값 비중 99.5% 이상,,1
D3011000K,D,int8,2,False,99.99876813156355,162353,99.99876813156355,0,0.0,0.0,162355,32471,20.0,32471,20.0,0.0,0.0,0.0,0.0,0.0,0.0,0.0,0.0,1.0,exact_categories,3,exact observed values in discovery; unseen later values separate,2,1,2,,0.0073158241275879735,5.955084890438254,해석 주의,404행 이상인 구간이 2개 미만; 작은 구간 존재; 최빈값 비중 99.5% 이상,5.0,4
D3011000N,D,int8,2,False,99.99876813156355,162353,99.99876813156355,0,0.0,0.0,162355,32471,20.0,32471,20.0,0.0,0.0,0.0,0.0,0.0,0.0,0.0,0.0,1.0,exact_categories,3,exact observed values in discovery; unseen later values separate,2,1,2,,0.0073158241275879735,5.955084890438254,해석 주의,404행 이상인 구간이 2개 미만; 작은 구간 존재; 최빈값 비중 99.5% 이상,5.0,4
D3011000R,D,int8,2,False,99.99876813156355,162353,99.99876813156355,0,0.0,0.0,162355,32471,20.0,32471,20.0,0.0,0.0,0.0,0.0,0.0,0.0,0.0,0.0,1.0,exact_categories,3,exact observed values in discovery; unseen later values separate,2,1,2,,0.0073158241275879735,5.955084890438254,해석 주의,404행 이상인 구간이 2개 미만; 작은 구간 존재; 최빈값 비중 99.5% 이상,5.0,4
D30210000,D,int8,2,False,99.99876813156355,162353,99.99876813156355,0,0.0,0.0,162355,32471,20.0,32471,20.0,0.0,0.0,0.0,0.0,0.0,0.0,0.0,0.0,1.0,exact_categories,3,exact observed values in discovery; unseen later values separate,2,1,2,,0.0073158241275879735,5.955084890438254,해석 주의,404행 이상인 구간이 2개 미만; 작은 구간 존재; 최빈값 비중 99.5% 이상,5.0,4
GDC003000,GDC,int32,99,False,99.92916756490406,162240,99.92916756490406,0,0.0,0.0,162355,32471,20.0,32471,20.0,0.0,0.0,0.0,0.0,0.0,0.0,0.0,0.0,138707.0,dominant_atom_plus_nonatom_quantiles,6,non-atom Q1: 20..206 (outer tails included); non-atom Q2: 206..401 (outer tails included); non-atom Q3: 401..801 (outer tails included); non-atom Q4: 801..138707 (outer tails included),5,4,16,,0.1274126548302501,5.985367930064605,해석 주의,404행 이상인 구간이 2개 미만; 작은 구간 존재; 최빈값 비중 99.5% 이상,,1
L20231O00,L,int32,505,False,99.5312740599304,161594,99.5312740599304,0,0.0,0.0,162355,32471,20.0,32471,20.0,0.0,0.0,0.0,0.0,0.0,0.0,0.0,0.0,39394.0,dominant_atom_plus_nonatom_quantiles,6,non-atom Q1: 10..185.5 (outer tails included); non-atom Q2: 185.5..389 (outer tails included); non-atom Q3: 389..966 (outer tails included); non-atom Q4: 966..39394 (outer tails included),5,4,98,,0.2664626385658564,5.911638100748036,해석 주의,404행 이상인 구간이 2개 미만; 작은 구간 존재; 최빈값 비중 99.5% 이상,,1
L2Z001302,L,int16,407,False,99.62243232422777,161742,99.62243232422777,0,0.0,0.0,162355,32471,20.0,32471,20.0,0.0,0.0,0.0,0.0,0.0,0.0,0.0,0.0,4498.0,dominant_atom_plus_nonatom_quantiles,6,non-atom Q1: 10..162.25 (outer tails included); non-atom Q2: 162.25..300 (outer tails included); non-atom Q3: 300..735 (outer tails included); non-atom Q4: 735..4498 (outer tails included),5,4,80,,0.24079621813275498,5.92967220833895,해석 주의,404행 이상인 구간이 2개 미만; 작은 구간 존재; 최빈값 비중 99.5% 이상,,1
LA0000106,LA,int16,154,False,92.5490437621262,150258,92.5490437621262,0,0.0,0.0,162355,32471,20.0,32471,20.0,0.0,0.0,0.0,0.0,0.0,0.0,1.0,5.0,522.0,dominant_atom_plus_nonatom_quantiles,5,non-atom Q1: 1..2 (outer tails included); non-atom Q2: 2..3 (outer tails included); non-atom Q3: 3..522 (outer tails included),4,0,632,20.234733332926535,2.0501092736551096,16.342789070061794,계산 가능,—,,1
LA0N00013,LA,int8,17,False,89.74654306920021,145708,89.74654306920021,0,0.0,0.0,162355,32471,20.0,32471,20.0,0.0,0.0,0.0,0.0,0.0,0.0,2.0,5.0,16.0,dominant_atom_plus_nonatom_quantiles,5,non-atom Q1: 1..2 (outer tails included); non-atom Q2: 2..3 (outer tails included); non-atom Q3: 3..16 (outer tails included),4,0,941,49.75020034283343,2.2390009509111963,13.243880529979798,계산 가능,—,,1
LA0N00032,LA,int8,4,False,98.34498475562809,159668,98.3449847556281,0,0.0,0.0,162355,32471,20.0,32471,20.0,0.0,0.0,0.0,0.0,0.0,0.0,0.0,1.0,3.0,exact_categories,5,exact observed values in discovery; unseen later values separate,4,2,25,67.56493577608461,1.0523325468246414,12.992831541218635,해석 주의,작은 구간 존재,,1
LA0N00034,LA,int8,26,False,83.51390471497643,135589,83.51390471497643,0,0.0,0.0,162355,32471,20.0,32471,20.0,0.0,0.0,0.0,0.0,0.0,0.0,4.0,10.0,25.0,dominant_atom_plus_nonatom_quantiles,5,non-atom Q1: 1..2 (outer tails included); non-atom Q2: 2..5 (outer tails included); non-atom Q3: 5..25 (outer tails included),4,0,2930,43.163025157710585,3.162521741408897,12.447737284741692,계산 가능,—,,1
LA0N00040,LA,int8,23,False,84.17972960487819,136670,84.1797296048782,0,0.0,0.0,162355,32471,20.0,32471,20.0,0.0,0.0,0.0,0.0,0.0,0.0,4.0,9.0,22.0,dominant_atom_plus_nonatom_quantiles,5,non-atom Q1: 1..2 (outer tails included); non-atom Q2: 2..4 (outer tails included); non-atom Q3: 4..22 (outer tails included),4,0,2933,38.73566006180645,3.2182651470775814,11.756073148298434,계산 가능,—,,1
L2M000011,L,int8,9,False,53.60290720951002,87027,53.60290720951002,0,0.0,0.0,162355,32471,20.0,32471,20.0,0.0,0.0,0.0,0.0,0.0,1.0,3.0,4.0,8.0,exact_categories,10,exact observed values in discovery; unseen later values separate,9,4,14,19.055631531559182,2.0846304784615355,15.153846153846153,해석 주의,작은 구간 존재,,1
L2M000026,L,int8,7,False,63.21456068491885,102632,63.21456068491885,0,0.0,0.0,162355,32471,20.0,32471,20.0,0.0,0.0,0.0,0.0,0.0,1.0,2.0,4.0,6.0,exact_categories,8,exact observed values in discovery; unseen later values separate,7,2,54,24.742382493780262,2.64518457619477,34.375,해석 주의,작은 구간 존재,,1
L2M000079,L,int8,10,False,33.340519232545965,23515,14.48369314157248,0,0.0,0.0,162355,32471,20.0,32471,20.0,0.0,0.0,0.0,1.0,2.0,3.0,4.0,6.0,9.0,exact_categories,11,exact observed values in discovery; unseen later values separate,10,3,29,3.180155973825083,1.7694919990866365,25.010969723562965,해석 주의,작은 구간 존재,,1
L2M000080,L,int8,10,False,34.205290874934555,25574,15.751901696898772,0,0.0,0.0,162355,32471,20.0,32471,20.0,0.0,0.0,0.0,1.0,2.0,2.0,4.0,6.0,9.0,exact_categories,11,exact observed values in discovery; unseen later values separate,10,3,25,3.0412869878915423,1.6710009936439174,25.0,해석 주의,작은 구간 존재,,1
L2M000082,L,int8,55,False,60.27409072711034,97858,60.27409072711035,0,0.0,0.0,162355,32471,20.0,32471,20.0,0.0,0.0,0.0,0.0,0.0,1.0,4.0,8.0,55.0,dominant_atom_plus_nonatom_quantiles,4,non-atom Q1: 1..2 (outer tails included); non-atom Q2: 2..55 (outer tails included),3,0,7780,6.608370609723746,3.4526514833847277,6.535055393143747,계산 가능,—,,1
L2M000083,L,int8,16,False,76.24649687413384,123790,76.24649687413384,0,0.0,0.0,162355,32471,20.0,32471,20.0,0.0,0.0,0.0,0.0,0.0,0.0,2.0,4.0,15.0,dominant_atom_plus_nonatom_quantiles,4,non-atom Q1: 1..2 (outer tails included); non-atom Q2: 2..15 (outer tails included),3,0,2801,11.58756298058186,2.170986014442189,9.077240344956884,계산 가능,—,,1
L2M000088,L,int8,19,False,71.40155831357211,115924,71.40155831357211,0,0.0,0.0,162355,32471,20.0,32471,20.0,0.0,0.0,0.0,0.0,0.0,1.0,3.0,5.0,18.0,dominant_atom_plus_nonatom_quantiles,4,non-atom Q1: 1..2 (outer tails included); non-atom Q2: 2..18 (outer tails included),3,0,4404,8.654683648789241,3.327604931775474,7.863197683478841,계산 가능,—,,1
L2M000089,L,int8,9,False,64.15386036771272,104157,64.15386036771272,0,0.0,0.0,162355,32471,20.0,32471,20.0,0.0,0.0,0.0,0.0,0.0,1.0,2.0,4.0,8.0,exact_categories,10,exact observed values in discovery; unseen later values separate,9,4,10,10.879622745480496,2.5766362427771416,21.16059379217274,해석 주의,작은 구간 존재,,1
L2M000111,L,int16,5584,False,71.42434787964646,115961,71.42434787964645,0,0.0,0.0,162355,32471,20.0,32471,20.0,0.0,0.0,0.0,0.0,0.0,110.0,2437.0,5000.0,16070.0,dominant_atom_plus_nonatom_quantiles,6,non-atom Q1: 2..300 (outer tails included); non-atom Q2: 300..908 (outer tails included); non-atom Q3: 908..1982 (outer tails included); non-atom Q4: 1982..16070 (outer tails included),5,0,5454,10.112604829354238,3.3008577875813017,9.27067669172932,계산 가능,—,,1
L2M000114,L,int8,10,False,34.11043700532783,25326,15.59915001077885,0,0.0,0.0,162355,32471,20.0,32471,20.0,0.0,0.0,0.0,1.0,2.0,2.0,4.0,6.0,9.0,exact_categories,11,exact observed values in discovery; unseen later values separate,10,3,25,2.8690477355261117,1.693599448394778,26.97186982901269,해석 주의,작은 구간 존재,6.0,2
L2M000137,L,int8,9,False,55.799944565920356,90594,55.79994456592036,0,0.0,0.0,162355,32471,20.0,32471,20.0,0.0,0.0,0.0,0.0,0.0,1.0,2.0,4.0,8.0,exact_categories,10,exact observed values in discovery; unseen later values separate,9,4,12,20.210109074823425,1.8889751305269042,16.543126684636118,해석 주의,작은 구간 존재,,1
L2M000138,L,int8,10,False,34.11043700532783,25326,15.59915001077885,0,0.0,0.0,162355,32471,20.0,32471,20.0,0.0,0.0,0.0,1.0,2.0,2.0,4.0,6.0,9.0,exact_categories,11,exact observed values in discovery; unseen later values separate,10,3,25,2.8690477355261117,1.693599448394778,26.97186982901269,해석 주의,작은 구간 존재,6.0,2
L2M000139,L,int8,12,False,26.501185673370088,9883,6.087277878722553,0,0.0,0.0,162355,32471,20.0,32471,20.0,0.0,0.0,0.0,1.0,2.0,3.0,6.0,8.0,11.0,exact_categories,13,exact observed values in discovery; unseen later values separate,12,3,44,10.423964693940354,1.4759883911178635,16.852057842046715,해석 주의,작은 구간 존재,,1
L2Z000133,L,int8,11,False,27.61541067414,15430,9.503864987219364,0,0.0,0.0,162355,32471,20.0,32471,20.0,0.0,0.0,0.0,1.0,2.0,3.0,5.0,7.0,10.0,exact_categories,12,exact observed values in discovery; unseen later values separate,11,3,24,10.559040542602405,1.7300625459218677,31.987179487179485,해석 주의,작은 구간 존재,,1
L2Z000134,L,int8,9,False,35.951464383603835,28451,17.523944442733516,0,0.0,0.0,162355,32471,20.0,32471,20.0,0.0,0.0,0.0,1.0,1.0,2.0,4.0,5.0,8.0,exact_categories,10,exact observed values in discovery; unseen later values separate,9,3,27,2.0791590132370557,1.6597310781555907,22.527472527472526,해석 주의,작은 구간 존재,,1
L2Z000144,L,int8,11,False,27.44726063256444,13742,8.464168026854733,0,0.0,0.0,162355,32471,20.0,32471,20.0,0.0,0.0,0.0,1.0,2.0,3.0,5.0,7.0,10.0,exact_categories,12,exact observed values in discovery; unseen later values separate,11,3,45,8.703808148332746,1.6006058880189578,25.529100529100532,해석 주의,작은 구간 존재,,1
L2Z000146,L,int8,10,False,28.87745988728404,16978,10.45733115703243,0,0.0,0.0,162355,32471,20.0,32471,20.0,0.0,0.0,0.0,1.0,2.0,3.0,5.0,6.0,9.0,exact_categories,11,exact observed values in discovery; unseen later values separate,10,3,41,7.075215224680292,1.1982843044099467,22.74247491638796,해석 주의,작은 구간 존재,,1
L2Z000223,L,int16,5882,False,79.49554987527333,129065,79.49554987527333,0,0.0,0.0,162355,32471,20.0,32471,20.0,0.0,0.0,0.0,0.0,0.0,0.0,2208.2999999999884,5134.839999999967,30000.0,dominant_atom_plus_nonatom_quantiles,6,non-atom Q1: 11..469 (outer tails included); non-atom Q2: 469..1100 (outer tails included); non-atom Q3: 1100..2184 (outer tails included); non-atom Q4: 2184..30000 (outer tails included),5,0,4013,13.328664489429537,2.991725373716392,11.107068747136658,계산 가능,—,,1
L2Z000242,L,int8,42,False,32.807736133780914,24556,15.12488066274522,0,0.0,0.0,162355,32471,20.0,32471,20.0,0.0,0.0,0.0,1.0,2.0,3.0,5.0,9.0,41.0,quantiles,5,Q1: 0..1 (outer tails included); Q2: 1..2 (outer tails included); Q3: 2..3 (outer tails included); Q4: 3..41 (outer tails included),4,0,10857,1.9800606121861435,2.0060359514744803,7.3214770331485965,계산 가능,—,,1
L2Z000262,L,int8,10,False,31.80622709494626,20506,12.63034707893197,0,0.0,0.0,162355,32471,20.0,32471,20.0,0.0,0.0,0.0,1.0,2.0,3.0,4.0,6.0,9.0,exact_categories,11,exact observed values in discovery; unseen later values separate,10,3,27,5.997230587908408,1.8984210362158138,34.9264705882353,해석 주의,작은 구간 존재,7.0,2
L2Z000263,L,int8,9,False,36.628992023651875,30226,18.61722768008377,0,0.0,0.0,162355,32471,20.0,32471,20.0,0.0,0.0,0.0,1.0,1.0,2.0,4.0,5.0,8.0,exact_categories,10,exact observed values in discovery; unseen later values separate,9,3,24,4.270897894676498,1.5170991702900205,26.746987951807228,해석 주의,작은 구간 존재,8.0,2
L2Z000265,L,int8,9,False,84.5154137538111,137215,84.51541375381109,0,0.0,0.0,162355,32471,20.0,32471,20.0,0.0,0.0,0.0,0.0,0.0,0.0,1.0,3.0,8.0,exact_categories,10,exact observed values in discovery; unseen later values separate,9,5,3,5.392409701454018,2.805086558067471,25.716625716625718,해석 주의,작은 구간 존재,9.0,2
L2Z000268,L,int16,4916,False,84.5252687013027,137231,84.5252687013027,0,0.0,0.0,162355,32471,20.0,32471,20.0,0.0,0.0,0.0,0.0,0.0,0.0,1620.0,3978.459999999992,21345.0,dominant_atom_plus_nonatom_quantiles,6,non-atom Q1: 10..427 (outer tails included); non-atom Q2: 427..1000 (outer tails included); non-atom Q3: 1000..2000 (outer tails included); non-atom Q4: 2000..21345 (outer tails included),5,0,2954,6.376086274070008,2.7778997164987995,10.718764024180988,계산 가능,—,10.0,2
L2Z000276,L,int8,11,False,28.044100890024946,16498,10.161682732284191,0,0.0,0.0,162355,32471,20.0,32471,20.0,0.0,0.0,0.0,1.0,2.0,3.0,5.0,6.0,10.0,exact_categories,12,exact observed values in discovery; unseen later values separate,11,3,23,13.037517999971747,1.683903979181356,36.96343402225755,해석 주의,작은 구간 존재,,1
L2Z000277,L,int8,11,False,27.555665054972128,14649,9.022820362785254,0,0.0,0.0,162355,32471,20.0,32471,20.0,0.0,0.0,0.0,1.0,2.0,3.0,5.0,7.0,10.0,exact_categories,12,exact observed values in discovery; unseen later values separate,11,3,29,11.265567400570841,1.608320299965449,23.939393939393938,해석 주의,작은 구간 존재,,1
L2Z000285,L,int8,9,False,38.58519910073604,32452,19.988297249853716,0,0.0,0.0,162355,32471,20.0,32471,20.0,0.0,0.0,0.0,1.0,1.0,2.0,4.0,5.0,8.0,exact_categories,10,exact observed values in discovery; unseen later values separate,9,3,20,2.832811395003318,2.0763798752007845,33.75,해석 주의,작은 구간 존재,,1
L2Z000310,L,int8,10,False,33.92750454251486,25326,15.59915001077885,0,0.0,0.0,162355,32471,20.0,32471,20.0,0.0,0.0,0.0,1.0,2.0,3.0,4.0,6.0,9.0,exact_categories,11,exact observed values in discovery; unseen later values separate,10,3,28,3.5906018494386434,1.7312635396462106,20.96153846153846,해석 주의,작은 구간 존재,,1
L2Z000369,L,int8,12,False,26.592959871885686,10547,6.49625819962428,0,0.0,0.0,162355,32471,20.0,32471,20.0,0.0,0.0,0.0,1.0,2.0,3.0,6.0,8.0,11.0,exact_categories,13,exact observed values in discovery; unseen later values separate,12,3,40,9.150615840905274,1.7173064408956633,18.456209797130136,해석 주의,작은 구간 존재,,1
L2Z000950,L,int8,10,False,35.39958732407379,26465,16.300699085337687,0,0.0,0.0,162355,32471,20.0,32471,20.0,0.0,0.0,0.0,1.0,1.0,2.0,4.0,6.0,9.0,exact_categories,11,exact observed values in discovery; unseen later values separate,10,3,26,4.81737083868167,1.7895691573134975,21.096774193548388,해석 주의,작은 구간 존재,,1
L2Z000970,L,int8,9,False,37.07369652921068,31330,19.29721905700471,0,0.0,0.0,162355,32471,20.0,32471,20.0,0.0,0.0,0.0,1.0,1.0,2.0,4.0,5.0,8.0,exact_categories,10,exact observed values in discovery; unseen later values separate,9,3,23,4.229891588957496,1.569989410374248,16.798418972332016,해석 주의,작은 구간 존재,,1
L2Z000975,L,int16,5574,False,78.74780573434758,127851,78.74780573434757,0,0.0,0.0,162355,32471,20.0,32471,20.0,0.0,0.0,0.0,0.0,0.0,0.0,2073.0,4725.299999999959,27700.0,dominant_atom_plus_nonatom_quantiles,6,non-atom Q1: 10..431 (outer tails included); non-atom Q2: 431..1000 (outer tails included); non-atom Q3: 1000..2000 (outer tails included); non-atom Q4: 2000..27700 (outer tails included),5,0,4067,6.138327945015421,3.6918283219129933,10.501966277471332,계산 가능,—,,1
L2Z000976,L,int16,4916,False,84.5252687013027,137231,84.5252687013027,0,0.0,0.0,162355,32471,20.0,32471,20.0,0.0,0.0,0.0,0.0,0.0,0.0,1620.0,3978.459999999992,21345.0,dominant_atom_plus_nonatom_quantiles,6,non-atom Q1: 10..427 (outer tails included); non-atom Q2: 427..1000 (outer tails included); non-atom Q3: 1000..2000 (outer tails included); non-atom Q4: 2000..21345 (outer tails included),5,0,2954,6.376086274070008,2.7778997164987995,10.718764024180988,계산 가능,—,10.0,2
L2Z000989,L,int8,11,False,27.465122724892982,13884,8.551630685842753,0,0.0,0.0,162355,32471,20.0,32471,20.0,0.0,0.0,0.0,1.0,2.0,3.0,5.0,7.0,10.0,exact_categories,12,exact observed values in discovery; unseen later values separate,11,3,30,11.201275870611068,1.577488233167168,21.995464852607707,해석 주의,작은 구간 존재,,1
L2Z000990,L,int8,9,False,36.628992023651875,30226,18.61722768008377,0,0.0,0.0,162355,32471,20.0,32471,20.0,0.0,0.0,0.0,1.0,1.0,2.0,4.0,5.0,8.0,exact_categories,10,exact observed values in discovery; unseen later values separate,9,3,24,4.270897894676498,1.5170991702900205,26.746987951807228,해석 주의,작은 구간 존재,8.0,2
L2Z000991,L,int8,9,False,84.5154137538111,137215,84.51541375381109,0,0.0,0.0,162355,32471,20.0,32471,20.0,0.0,0.0,0.0,0.0,0.0,0.0,1.0,3.0,8.0,exact_categories,10,exact observed values in discovery; unseen later values separate,9,5,3,5.392409701454018,2.805086558067471,25.716625716625718,해석 주의,작은 구간 존재,9.0,2
L2Z000993,L,int8,10,False,31.80622709494626,20506,12.63034707893197,0,0.0,0.0,162355,32471,20.0,32471,20.0,0.0,0.0,0.0,1.0,2.0,3.0,4.0,6.0,9.0,exact_categories,11,exact observed values in discovery; unseen later values separate,10,3,27,5.997230587908408,1.8984210362158138,34.9264705882353,해석 주의,작은 구간 존재,7.0,2
L2Z001009,L,int8,9,False,34.56992393212405,24139,14.868036093745188,0,0.0,0.0,162355,32471,20.0,32471,20.0,0.0,0.0,0.0,1.0,2.0,2.0,4.0,6.0,8.0,exact_categories,10,exact observed values in discovery; unseen later values separate,9,2,63,9.2431174942033,1.730785041291777,22.893481717011127,해석 주의,작은 구간 존재,,1
L2Z001013,L,int8,15,False,36.16211388623695,29821,18.36777432170244,0,0.0,0.0,162355,32471,20.0,32471,20.0,0.0,0.0,0.0,1.0,1.0,2.0,4.0,7.0,14.0,quantiles,5,Q1: 0..1 (outer tails included); Q2: 1..2 (outer tails included); Q3: 2..3 (outer tails included); Q4: 3..14 (outer tails included),4,0,7631,4.802883067558639,1.6182764847127857,7.297259644496549,계산 가능,—,,1
L2Z001022,L,int8,44,False,36.855655815958855,31127,19.172184410704936,0,0.0,0.0,162355,32471,20.0,32471,20.0,0.0,0.0,0.0,1.0,1.0,2.0,4.0,7.0,43.0,quantiles,5,Q1: 0..1 (outer tails included); Q2: 1..2 (outer tails included); Q3: 2..3 (outer tails included); Q4: 3..43 (outer tails included),4,0,7298,4.3452061877116,1.8602546813781373,7.270994703853429,계산 가능,—,,1
L2Z001049,L,int8,12,False,26.251732314988757,9883,6.087277878722553,0,0.0,0.0,162355,32471,20.0,32471,20.0,0.0,0.0,0.0,1.0,2.0,4.0,6.0,8.0,11.0,exact_categories,13,exact observed values in discovery; unseen later values separate,12,3,49,9.47658606878868,1.508451242738007,16.27837514934289,해석 주의,작은 구간 존재,,1
L2Z001093,L,int8,11,False,26.34042684241323,12373,7.620954082104031,0,0.0,0.0,162355,32471,20.0,32471,20.0,0.0,0.0,0.0,1.0,2.0,3.0,5.0,7.0,10.0,exact_categories,12,exact observed values in discovery; unseen later values separate,11,3,81,6.995938121164979,1.5757276582008706,23.14340588988476,해석 주의,작은 구간 존재,,1
L2Z001094,L,int8,11,False,26.344738381940807,14429,8.887314834775646,0,0.0,0.0,162355,32471,20.0,32471,20.0,0.0,0.0,0.0,1.0,2.0,3.0,5.0,7.0,10.0,exact_categories,12,exact observed values in discovery; unseen later values separate,11,3,51,7.677281824648041,1.5937221181778733,20.424242424242422,해석 주의,작은 구간 존재,,1
L2Z001104,L,int8,41,False,31.46992701179514,23515,14.48369314157248,0,0.0,0.0,162355,32471,20.0,32471,20.0,0.0,0.0,0.0,1.0,2.0,3.0,6.0,9.0,40.0,quantiles,5,Q1: 0..1 (outer tails included); Q2: 1..2 (outer tails included); Q3: 2..3 (outer tails included); Q4: 3..40 (outer tails included),4,0,11368,1.523825304099577,2.0542799007463697,7.451001810795429,계산 가능,—,,1
L2Z001105,L,int8,42,False,32.35256074651227,25067,15.439623048258445,0,0.0,0.0,162355,32471,20.0,32471,20.0,0.0,0.0,0.0,1.0,2.0,3.0,5.0,9.0,41.0,quantiles,5,Q1: 0..1 (outer tails included); Q2: 1..2 (outer tails included); Q3: 2..3 (outer tails included); Q4: 3..41 (outer tails included),4,0,11178,1.798745780842073,1.9054007849395482,7.413289817879338,계산 가능,—,,1
L2Z001128,L,int8,11,False,26.21970373564103,17261,10.631640540790244,0,0.0,0.0,162355,32471,20.0,32471,20.0,0.0,0.0,0.0,1.0,2.0,3.0,5.0,7.0,10.0,exact_categories,12,exact observed values in discovery; unseen later values separate,11,3,39,8.544073595209486,1.6257823152243722,21.97505898213684,해석 주의,작은 구간 존재,,1
L2Z001131,L,int8,9,False,38.585815034954265,32454,19.989529118290168,0,0.0,0.0,162355,32471,20.0,32471,20.0,0.0,0.0,0.0,1.0,1.0,2.0,4.0,5.0,8.0,exact_categories,10,exact observed values in discovery; unseen later values separate,9,3,20,2.747360402914831,2.083493768634659,33.75,해석 주의,작은 구간 존재,,1
L2Z001186,L,int8,9,False,35.954544054694956,28472,17.536879061316252,0,0.0,0.0,162355,32471,20.0,32471,20.0,0.0,0.0,0.0,1.0,1.0,2.0,4.0,5.0,8.0,exact_categories,10,exact observed values in discovery; unseen later values separate,9,3,27,2.086726953318327,1.6521189901598565,22.527472527472526,해석 주의,작은 구간 존재,,1
L2Z001195,L,int16,5841,False,79.53804933633089,129134,79.53804933633089,0,0.0,0.0,162355,32471,20.0,32471,20.0,0.0,0.0,0.0,0.0,0.0,0.0,2199.2999999999884,5072.919999999984,28158.0,dominant_atom_plus_nonatom_quantiles,6,non-atom Q1: 11..466 (outer tails included); non-atom Q2: 466..1099 (outer tails included); non-atom Q3: 1099..2172.5 (outer tails included); non-atom Q4: 2172.5..28158 (outer tails included),5,0,4006,13.366358293402095,2.9925044164917924,11.221618244015747,계산 가능,—,,1
L2Z001199,L,int16,5865,False,79.5072526254196,129084,79.50725262541961,0,0.0,0.0,162355,32471,20.0,32471,20.0,0.0,0.0,0.0,0.0,0.0,0.0,2204.0,5106.919999999984,28843.0,dominant_atom_plus_nonatom_quantiles,6,non-atom Q1: 11..468 (outer tails included); non-atom Q2: 468..1100 (outer tails included); non-atom Q3: 1100..2177.75 (outer tails included); non-atom Q4: 2177.75..28843 (outer tails included),5,0,3999,13.317749317042466,2.994755674983418,11.035548477346605,계산 가능,—,,1
L2Z001203,L,int16,5857,False,79.52757845462105,129117,79.52757845462105,0,0.0,0.0,162355,32471,20.0,32471,20.0,0.0,0.0,0.0,0.0,0.0,0.0,2200.0,5092.379999999976,29601.0,dominant_atom_plus_nonatom_quantiles,6,non-atom Q1: 11..467 (outer tails included); non-atom Q2: 467..1100 (outer tails included); non-atom Q3: 1100..2176.75 (outer tails included); non-atom Q4: 2176.75..29601 (outer tails included),5,0,3989,13.395115606731897,3.0060978372761338,11.12134862134862,계산 가능,—,,1
L2Z001240,L,int8,11,False,27.410920513689135,13731,8.457392750454252,0,0.0,0.0,162355,32471,20.0,32471,20.0,0.0,0.0,0.0,1.0,2.0,3.0,5.0,7.0,10.0,exact_categories,12,exact observed values in discovery; unseen later values separate,11,3,35,10.734179361745905,1.6234677329938607,20.909090909090907,해석 주의,작은 구간 존재,,1
L2Z001241,L,int8,9,False,33.976779279972895,25237,15.54433186535678,0,0.0,0.0,162355,32471,20.0,32471,20.0,0.0,0.0,0.0,1.0,2.0,2.0,4.0,6.0,8.0,exact_categories,10,exact observed values in discovery; unseen later values separate,9,2,68,5.927732610659439,1.5062091404785927,23.024390243902438,해석 주의,작은 구간 존재,,1
L2Z001242,L,int8,9,False,78.82171784053463,127971,78.82171784053463,0,0.0,0.0,162355,32471,20.0,32471,20.0,0.0,0.0,0.0,0.0,0.0,0.0,2.0,3.0,8.0,exact_categories,10,exact observed values in discovery; unseen later values separate,9,5,4,5.352984334573543,3.6526339747685044,23.01231802911534,해석 주의,작은 구간 존재,,1
L2Z001243,L,int8,9,False,85.07221828708694,138119,85.07221828708694,0,0.0,0.0,162355,32471,20.0,32471,20.0,0.0,0.0,0.0,0.0,0.0,0.0,1.0,3.0,8.0,exact_categories,10,exact observed values in discovery; unseen later values separate,9,5,3,5.721289132961066,2.7803467643251256,25.716625716625718,해석 주의,작은 구간 존재,,1
L2Z001244,L,int32,18018,False,8.480182316528595,13768,8.480182316528595,0,0.0,0.0,162355,32471,20.0,32471,20.0,0.0,0.0,0.0,774.0,1988.0,3901.0,13596.0,27066.379999999976,62340.0,quantiles,6,Q1: 0..560 (outer tails included); Q2: 560..1482 (outer tails included); Q3: 1482..2570 (outer tails included); Q4: 2570..4686 (outer tails included); Q5: 4686..62340 (outer tails included),5,0,16169,9.618470954315134,1.5149118897900467,7.755179377186479,계산 가능,—,,1
L2Z001245,L,int16,8848,False,15.551107141757262,25248,15.55110714175726,0,0.0,0.0,162355,32471,20.0,32471,20.0,0.0,0.0,0.0,300.0,1084.0,2231.0,4552.0,9896.459999999992,32395.0,quantiles,6,Q1: 0..200 (outer tails included); Q2: 200..759 (outer tails included); Q3: 759..1500 (outer tails included); Q4: 1500..2537 (outer tails included); Q5: 2537..32395 (outer tails included),5,0,15866,9.21920976926428,2.001437431632275,8.135033598636692,계산 가능,—,,1
L2Z001246,L,int16,7588,False,15.928674817529487,25861,15.928674817529489,0,0.0,0.0,162355,32471,20.0,32471,20.0,0.0,0.0,0.0,300.0,1037.0,2145.0,4189.0,6701.839999999967,24938.0,quantiles,6,Q1: 0..183 (outer tails included); Q2: 183..726 (outer tails included); Q3: 726..1446.2 (outer tails included); Q4: 1446.2..2454 (outer tails included); Q5: 2454..24938 (outer tails included),5,0,16162,9.101800473463346,2.1972017712936083,8.246399863737526,계산 가능,—,,1
L2Z001247,L,int16,6798,False,20.872778787225524,33888,20.872778787225524,0,0.0,0.0,162355,32471,20.0,32471,20.0,0.0,0.0,0.0,174.0,863.0,1860.0,3647.0,5810.459999999992,22549.0,quantiles,5,Q1: 0..566 (outer tails included); Q2: 566..1196 (outer tails included); Q3: 1196..2113 (outer tails included); Q4: 2113..22549 (outer tails included),4,0,16175,5.96632423184329,2.213253135659579,7.474591683356973,계산 가능,—,,1
L2Z001248,L,int16,4783,False,85.08145730036031,138134,85.08145730036033,0,0.0,0.0,162355,32471,20.0,32471,20.0,0.0,0.0,0.0,0.0,0.0,0.0,1554.2999999999884,3837.9199999999837,15926.0,dominant_atom_plus_nonatom_quantiles,6,non-atom Q1: 11..431 (outer tails included); non-atom Q2: 431..998 (outer tails included); non-atom Q3: 998..1991.5 (outer tails included); non-atom Q4: 1991.5..15926 (outer tails included),5,0,2877,6.458386413666906,2.753159922756454,9.539223153084539,계산 가능,—,,1
L2Z001255,L,int8,8,False,76.25080841366142,123797,76.25080841366142,0,0.0,0.0,162355,32471,20.0,32471,20.0,0.0,0.0,0.0,0.0,0.0,0.0,2.0,3.0,7.0,exact_categories,9,exact observed values in discovery; unseen later values separate,8,4,3,11.367286806786414,2.1641893040500237,21.49769585253456,해석 주의,작은 구간 존재,,1
L2Z001258,L,int8,62,False,14.402389824766715,12833,7.904283822487758,0,0.0,0.0,162355,32471,20.0,32471,20.0,0.0,0.0,0.0,2.0,4.0,6.0,15.0,26.0,61.0,quantiles,6,Q1: 0..1 (outer tails included); Q2: 1..3 (outer tails included); Q3: 3..5 (outer tails included); Q4: 5..7 (outer tails included); Q5: 7..61 (outer tails included),5,0,9597,3.9406785195191447,1.9753507867569327,8.274340430570081,계산 가능,—,,1
L2Z001266,L,int8,9,False,34.26503649410243,25850,15.921899541129008,0,0.0,0.0,162355,32471,20.0,32471,20.0,0.0,0.0,0.0,1.0,1.0,2.0,4.0,6.0,8.0,exact_categories,10,exact observed values in discovery; unseen later values separate,9,2,64,5.863917679241604,1.5647037556384746,20.2729044834308,해석 주의,작은 구간 존재,,1
L2Z001267,L,int8,5,False,90.40436081426503,146776,90.40436081426503,0,0.0,0.0,162355,32471,20.0,32471,20.0,0.0,0.0,0.0,0.0,0.0,0.0,1.0,2.0,4.0,exact_categories,6,exact observed values in discovery; unseen later values separate,5,2,20,1.3714633747127392,1.178819007030063,11.16319230294807,해석 주의,작은 구간 존재,,1
L2Z001268,L,int8,7,False,41.95251147177482,53546,32.980813649102274,0,0.0,0.0,162355,32471,20.0,32471,20.0,0.0,0.0,0.0,0.0,1.0,2.0,3.0,4.0,6.0,exact_categories,8,exact observed values in discovery; unseen later values separate,7,2,89,14.429353543553416,3.275445560616003,25.609756097560975,해석 주의,작은 구간 존재,,1
L2Z001291,L,int8,6,False,43.473253056573554,45742,28.174063010070526,0,0.0,0.0,162355,32471,20.0,32471,20.0,0.0,0.0,0.0,0.0,1.0,2.0,3.0,4.0,5.0,exact_categories,7,exact observed values in discovery; unseen later values separate,6,1,201,7.809943285555454,1.016451175691685,20.952380952380953,해석 주의,작은 구간 존재,,1
L2Z001292,L,int32,8508,False,23.216408487573528,37693,23.216408487573528,0,0.0,0.0,162355,32471,20.0,32471,20.0,0.0,0.0,0.0,100.0,693.0,1662.5,4263.0,12014.05999999991,40000.0,quantiles,5,Q1: 0..452 (outer tails included); Q2: 452..1000 (outer tails included); Q3: 1000..1995 (outer tails included); Q4: 1995..40000 (outer tails included),4,0,15894,12.770022465324606,2.1376495865101433,7.972757732879204,계산 가능,—,,1
L2Z001293,L,int16,5561,False,78.83218872224447,127988,78.83218872224447,0,0.0,0.0,162355,32471,20.0,32471,20.0,0.0,0.0,0.0,0.0,0.0,0.0,2056.0,4691.919999999984,26900.0,dominant_atom_plus_nonatom_quantiles,6,non-atom Q1: 10..428 (outer tails included); non-atom Q2: 428..996 (outer tails included); non-atom Q3: 996..1994 (outer tails included); non-atom Q4: 1994..26900 (outer tails included),5,0,4098,6.067671356361338,3.6254471331998217,10.577755602189516,계산 가능,—,,1
L2Z001294,L,int16,2183,False,78.82171784053463,127971,78.82171784053463,0,0.0,0.0,162355,32471,20.0,32471,20.0,0.0,0.0,0.0,0.0,0.0,0.0,763.0,1469.0,4871.0,dominant_atom_plus_nonatom_quantiles,6,non-atom Q1: 1..131 (outer tails included); non-atom Q2: 131..389 (outer tails included); non-atom Q3: 389..741.5 (outer tails included); non-atom Q4: 741.5..4871 (outer tails included),5,0,4095,10.793904123547923,3.6526339747685044,8.588327599734445,계산 가능,—,,1
L2Z001295,L,int16,3297,False,8.45739275045425,13731,8.457392750454252,0,0.0,0.0,162355,32471,20.0,32471,20.0,0.0,0.0,0.0,21.0,65.0,214.0,822.2999999999884,2312.0,6340.0,quantiles,6,Q1: 0..14 (outer tails included); Q2: 14..41 (outer tails included); Q3: 41..102 (outer tails included); Q4: 102..267 (outer tails included); Q5: 267..6340 (outer tails included),5,0,15918,3.7170982752879307,2.672980492150001,8.731983957325191,계산 가능,—,,1
L2Z001309,L,int16,6463,False,22.00794555141511,35731,22.00794555141511,0,0.0,0.0,162355,32471,20.0,32471,20.0,0.0,0.0,0.0,131.0,800.0,1784.0,3548.2999999999884,5447.0,15544.0,quantiles,5,Q1: 0..504 (outer tails included); Q2: 504..1116.2 (outer tails included); Q3: 1116.2..2033 (outer tails included); Q4: 2033..15544 (outer tails included),4,0,16177,5.670663045605304,1.9082898872935656,7.392762941941562,계산 가능,—,,1
L2Z001314,L,int8,9,False,63.33589972590927,102829,63.33589972590927,0,0.0,0.0,162355,32471,20.0,32471,20.0,0.0,0.0,0.0,0.0,0.0,1.0,2.0,4.0,8.0,exact_categories,10,exact observed values in discovery; unseen later values separate,9,4,9,10.532767612571666,4.1258568630191395,29.08653846153846,해석 주의,작은 구간 존재,,1
L2Z001317,L,int8,6,False,71.29808136491023,115756,71.29808136491023,0,0.0,0.0,162355,32471,20.0,32471,20.0,0.0,0.0,0.0,0.0,0.0,1.0,1.0,2.0,5.0,exact_categories,7,exact observed values in discovery; unseen later values separate,6,3,21,3.756239852978724,3.801602581405783,19.614624505928855,해석 주의,작은 구간 존재,,1
L2Z001318,L,int8,9,False,38.35176003202858,33881,20.868467247697946,0,0.0,0.0,162355,32471,20.0,32471,20.0,0.0,0.0,0.0,1.0,1.0,2.0,4.0,5.0,8.0,exact_categories,10,exact observed values in discovery; unseen later values separate,9,3,19,5.125569147843409,1.3549339474683175,17.35057983942908,해석 주의,작은 구간 존재,,1
L2Z001320,L,int32,17127,False,71.30239290443781,115763,71.30239290443781,0,0.0,0.0,162355,32471,20.0,32471,20.0,0.0,0.0,0.0,0.0,0.0,128.0,14750.0,30408.29999999996,89829.0,dominant_atom_plus_nonatom_quantiles,6,non-atom Q1: 1..360 (outer tails included); non-atom Q2: 360..3312 (outer tails included); non-atom Q3: 3312..11327.5 (outer tails included); non-atom Q4: 11327.5..89829 (outer tails included),5,0,5633,7.84421554404984,3.7944423350933065,9.310341628161593,계산 가능,—,,1
L2Z001321,L,int8,5,False,42.7446028764128,66352,40.86846724769794,0,0.0,0.0,162355,32471,20.0,32471,20.0,0.0,0.0,0.0,0.0,1.0,1.0,2.0,3.0,4.0,exact_categories,6,exact observed values in discovery; unseen later values separate,5,1,365,5.408542514851847,3.019193173675977,30.500658761528324,해석 주의,작은 구간 존재,,1
L2Z001322,L,int8,5,False,44.04422407686859,71508,44.04422407686859,0,0.0,0.0,162355,32471,20.0,32471,20.0,0.0,0.0,0.0,0.0,1.0,1.0,2.0,3.0,4.0,exact_categories,6,exact observed values in discovery; unseen later values separate,5,1,235,3.3394130860643023,3.023458496617959,21.212121212121215,해석 주의,작은 구간 존재,,1
L2Z001323,L,int8,6,False,43.45415909580857,45974,28.31695974869884,0,0.0,0.0,162355,32471,20.0,32471,20.0,0.0,0.0,0.0,0.0,1.0,2.0,3.0,4.0,5.0,exact_categories,7,exact observed values in discovery; unseen later values separate,6,1,201,7.811522012665556,1.0611326751816752,22.887864823348696,해석 주의,작은 구간 존재,,1
L2Z001324,L,int8,6,False,43.914877891041236,52122,32.103723322349175,0,0.0,0.0,162355,32471,20.0,32471,20.0,0.0,0.0,0.0,0.0,1.0,1.0,3.0,4.0,5.0,exact_categories,7,exact observed values in discovery; unseen later values separate,6,1,98,3.900157311993863,1.189924581694715,14.469551119667647,해석 주의,작은 구간 존재,,1
L2Z001325,L,int8,6,False,89.49955344769178,145307,89.49955344769178,0,0.0,0.0,162355,32471,20.0,32471,20.0,0.0,0.0,0.0,0.0,0.0,0.0,1.0,2.0,5.0,exact_categories,7,exact observed values in discovery; unseen later values separate,6,3,6,11.165140308367183,2.8704731652001825,18.13232335187596,해석 주의,작은 구간 존재,,1
L2Z001326,L,int8,6,False,92.80835206799914,150679,92.80835206799914,0,0.0,0.0,162355,32471,20.0,32471,20.0,0.0,0.0,0.0,0.0,0.0,0.0,1.0,2.0,5.0,exact_categories,7,exact observed values in discovery; unseen later values separate,6,3,2,11.15666040985471,1.9266808905341715,21.128871128871126,해석 주의,작은 구간 존재,,1
L2Z001327,L,int8,5,False,93.22595546795603,151357,93.22595546795603,0,0.0,0.0,162355,32471,20.0,32471,20.0,0.0,0.0,0.0,0.0,0.0,0.0,1.0,1.0,4.0,exact_categories,6,exact observed values in discovery; unseen later values separate,5,2,3,13.87315951450475,1.835928727363756,19.3307757885763,해석 주의,작은 구간 존재,,1
L2Z001328,L,int8,5,False,95.38973237658219,154870,95.38973237658219,0,0.0,0.0,162355,32471,20.0,32471,20.0,0.0,0.0,0.0,0.0,0.0,0.0,0.0,1.0,4.0,exact_categories,6,exact observed values in discovery; unseen later values separate,5,3,2,10.417524891358596,1.3798371265545728,23.421052631578945,해석 주의,작은 구간 존재,,1
L2Z001329,L,int8,7,False,41.48932893966924,37659,23.19546672415386,0,0.0,0.0,162355,32471,20.0,32471,20.0,0.0,0.0,0.0,1.0,1.0,2.0,3.0,4.0,6.0,exact_categories,8,exact observed values in discovery; unseen later values separate,7,2,112,12.572013579268166,1.4157731704954073,33.92857142857143,해석 주의,작은 구간 존재,,1
L2Z001333,L,int16,5468,False,28.318807551353515,45977,28.318807551353515,0,0.0,0.0,162355,32471,20.0,32471,20.0,0.0,0.0,0.0,0.0,500.0,1300.0,2926.0,4642.459999999992,15989.0,quantiles,5,Q1: 0..300 (outer tails included); Q2: 300..786 (outer tails included); Q3: 786..1555 (outer tails included); Q4: 1555..15989 (outer tails included),4,0,15221,11.31023502630805,1.8097413369639492,7.573031645096883,계산 가능,—,,1
L2Z001334,L,int16,5159,False,32.104955190785624,52124,32.104955190785624,0,0.0,0.0,162355,32471,20.0,32471,20.0,0.0,0.0,0.0,0.0,444.0,1176.0,2722.2999999999884,4303.459999999992,15637.0,quantiles,5,Q1: 0..245 (outer tails included); Q2: 245..687 (outer tails included); Q3: 687..1425 (outer tails included); Q4: 1425..15637 (outer tails included),4,0,16167,8.323598171342494,1.9363334683122457,7.74751589394376,계산 가능,—,,1
L2Z001371,L,int8,11,False,27.458963382710728,14202,8.747497767238459,0,0.0,0.0,162355,32471,20.0,32471,20.0,0.0,0.0,0.0,1.0,2.0,3.0,5.0,7.0,10.0,exact_categories,12,exact observed values in discovery; unseen later values separate,11,3,37,10.397775787632366,1.7839611055965654,21.647451456310677,해석 주의,작은 구간 존재,,1
L2Z001376,L,int16,5301,False,76.27421391395399,123835,76.27421391395399,0,0.0,0.0,162355,32471,20.0,32471,20.0,0.0,0.0,0.0,0.0,0.0,0.0,2305.2999999999884,4790.459999999992,15849.0,dominant_atom_plus_nonatom_quantiles,6,non-atom Q1: 10..460 (outer tails included); non-atom Q2: 460..1040 (outer tails included); non-atom Q3: 1040..2041 (outer tails included); non-atom Q4: 2041..15849 (outer tails included),5,0,4720,10.45432156959189,2.131720902722678,9.497336578421695,계산 가능,—,,1
L2Z001379,L,int8,11,False,27.138677589233467,14806,9.119522035046657,0,0.0,0.0,162355,32471,20.0,32471,20.0,0.0,0.0,0.0,1.0,2.0,3.0,5.0,7.0,10.0,exact_categories,12,exact observed values in discovery; unseen later values separate,11,3,31,8.704446626455326,1.7312136903678776,30.3921568627451,해석 주의,작은 구간 존재,,1
L2Z001380,L,int8,16,False,80.70154907455884,131023,80.70154907455884,0,0.0,0.0,162355,32471,20.0,32471,20.0,0.0,0.0,0.0,0.0,0.0,0.0,2.0,4.0,15.0,dominant_atom_plus_nonatom_quantiles,4,non-atom Q1: 1..2 (outer tails included); non-atom Q2: 2..15 (outer tails included),3,0,2265,5.1058768174209375,3.012908371594314,8.0,계산 가능,—,,1
L2Z001463,L,int8,9,False,63.582273413199474,103229,63.582273413199474,0,0.0,0.0,162355,32471,20.0,32471,20.0,0.0,0.0,0.0,0.0,0.0,1.0,2.0,4.0,8.0,exact_categories,10,exact observed values in discovery; unseen later values separate,9,4,9,10.287484177822101,4.145639691089375,26.522435897435898,해석 주의,작은 구간 존재,,1
G20120R00,G,int8,21,False,82.22906593575806,133503,82.22906593575806,0,0.0,0.0,162355,32471,20.0,32471,20.0,0.0,0.0,0.0,0.0,0.0,0.0,2.0,4.0,20.0,dominant_atom_plus_nonatom_quantiles,4,non-atom Q1: 1..2 (outer tails included); non-atom Q2: 2..20 (outer tails included),3,0,2296,0.11430290903516604,1.9315373470998876,10.3568403816837,계산 가능,—,,1
G20183R00,G,int16,6977,False,82.22906593575806,133503,82.22906593575806,0,0.0,0.0,162355,32471,20.0,32471,20.0,0.0,0.0,0.0,0.0,0.0,0.0,6858.0,7825.0,9726.0,dominant_atom_plus_nonatom_quantiles,6,non-atom Q1: 17..4268 (outer tails included); non-atom Q2: 4268..5682 (outer tails included); non-atom Q3: 5682..6888 (outer tails included); non-atom Q4: 6888..9726 (outer tails included),5,0,3597,6.539379231789577,1.9315373470998876,10.151459232341585,계산 가능,—,,1
G20220000,G,int8,12,False,98.63508977241231,160139,98.6350897724123,0,0.0,0.0,162355,32471,20.0,32471,20.0,0.0,0.0,0.0,0.0,0.0,0.0,0.0,1.0,15.0,exact_categories,12,exact observed values in discovery; unseen later values separate,10,8,1,3.7955055679117056,0.472630393297635,17.267267267267265,해석 주의,작은 구간 존재,,1
G20220006,G,int8,8,False,99.8263065504604,162073,99.82630655046042,0,0.0,0.0,162355,32471,20.0,32471,20.0,0.0,0.0,0.0,0.0,0.0,0.0,0.0,0.0,8.0,exact_categories,9,exact observed values in discovery; unseen later values separate,8,7,1,,0.09383885741217315,5.974704364350149,해석 주의,404행 이상인 구간이 2개 미만; 작은 구간 존재; 최빈값 비중 99.5% 이상,,1
G2022000C,G,int8,10,False,99.69572849619661,161861,99.69572849619661,0,0.0,0.0,162355,32471,20.0,32471,20.0,0.0,0.0,0.0,0.0,0.0,0.0,0.0,0.0,12.0,exact_categories,11,exact observed values in discovery; unseen later values separate,9,8,1,,0.1287232474785016,19.08602150537634,해석 주의,404행 이상인 구간이 2개 미만; 작은 구간 존재; 최빈값 비중 99.5% 이상,,1
G20220L00,G,int8,7,False,99.95811647316066,162287,99.95811647316067,0,0.0,0.0,162355,32471,20.0,32471,20.0,0.0,0.0,0.0,0.0,0.0,0.0,0.0,0.0,7.0,exact_categories,8,exact observed values in discovery; unseen later values separate,6,5,1,,0.08357759904912276,5.967069967833005,해석 주의,404행 이상인 구간이 2개 미만; 작은 구간 존재; 최빈값 비중 99.5% 이상,,1
G20220R00,G,int8,11,False,98.99479535585598,160723,98.994795355856,0,0.0,0.0,162355,32471,20.0,32471,20.0,0.0,0.0,0.0,0.0,0.0,0.0,0.0,1.0,17.0,exact_categories,11,exact observed values in discovery; unseen later values separate,9,7,2,6.797722346816334,0.3945321025468629,16.00449775112444,해석 주의,작은 구간 존재,,1
G20231000,G,int32,1576,False,98.73363924732838,160299,98.73363924732838,0,0.0,0.0,162355,32471,20.0,32471,20.0,0.0,0.0,0.0,0.0,0.0,0.0,0.0,1197.2999999999593,4841201.0,dominant_atom_plus_nonatom_quantiles,6,non-atom Q1: 7..1494.75 (outer tails included); non-atom Q2: 1494.75..4077.5 (outer tails included); non-atom Q3: 4077.5..14089.5 (outer tails included); non-atom Q4: 14089.5..3710638 (outer tails included),5,4,267,,0.47098594405582395,20.512820512820515,해석 주의,404행 이상인 구간이 2개 미만; 작은 구간 존재,,1
G20231R00,G,int32,1271,False,99.0409904222229,160798,99.0409904222229,0,0.0,0.0,162355,32471,20.0,32471,20.0,0.0,0.0,0.0,0.0,0.0,0.0,0.0,0.0,4820000.0,dominant_atom_plus_nonatom_quantiles,6,non-atom Q1: 11..1439.5 (outer tails included); non-atom Q2: 1439.5..3280 (outer tails included); non-atom Q3: 3280..10559 (outer tails included); non-atom Q4: 10559..3710638 (outer tails included),5,4,201,,0.37724922180216724,27.618243243243242,해석 주의,404행 이상인 구간이 2개 미만; 작은 구간 존재,,1
V10210000,V,int8,8,False,92.40491515506145,150024,92.40491515506145,0,0.0,0.0,162355,32471,20.0,32471,20.0,0.0,0.0,0.0,0.0,0.0,0.0,1.0,2.0,7.0,exact_categories,9,exact observed values in discovery; unseen later values separate,8,5,3,9.91818968611187,4.060431663788733,15.87301587301587,해석 주의,작은 구간 존재,,1
V10232000,V,int16,767,False,92.40491515506145,150024,92.40491515506145,0,0.0,0.0,162355,32471,20.0,32471,20.0,0.0,0.0,0.0,0.0,0.0,0.0,900.0,2610.0,20000.0,dominant_atom_plus_nonatom_quantiles,6,non-atom Q1: 90..900 (outer tails included); non-atom Q2: 900..1170 (outer tails included); non-atom Q3: 1170..1800 (outer tails included); non-atom Q4: 1800..19300 (outer tails included),5,0,993,9.123680375496521,4.060431663788733,18.617206548241032,계산 가능,—,,1
C20220000,C,int8,11,False,24.06331803763358,5,0.0030796710911274675,0,0.0,0.0,162355,32471,20.0,32471,20.0,0.0,1.0,1.0,2.0,3.0,4.0,6.0,8.0,10.0,exact_categories,12,exact observed values in discovery; unseen later values separate,11,3,3,15.722750803882906,1.5812728913864622,17.954545454545453,해석 주의,작은 구간 존재,,1
C20220003,C,int8,5,False,94.1726463613686,152894,94.1726463613686,0,0.0,0.0,162355,32471,20.0,32471,20.0,0.0,0.0,0.0,0.0,0.0,0.0,1.0,1.0,4.0,exact_categories,6,exact observed values in discovery; unseen later values separate,5,2,25,10.643015751456378,1.6205570990233564,30.301003344481607,해석 주의,작은 구간 존재,,1
C20220006,C,int8,6,False,88.24612731360291,143272,88.24612731360291,0,0.0,0.0,162355,32471,20.0,32471,20.0,0.0,0.0,0.0,0.0,0.0,0.0,1.0,2.0,5.0,exact_categories,7,exact observed values in discovery; unseen later values separate,6,3,26,9.948199912675934,2.2482316694364957,23.467741935483872,해석 주의,작은 구간 존재,,1
C2022000C,C,int8,8,False,77.86332419697575,126415,77.86332419697577,0,0.0,0.0,162355,32471,20.0,32471,20.0,0.0,0.0,0.0,0.0,0.0,0.0,2.0,3.0,7.0,exact_categories,9,exact observed values in discovery; unseen later values separate,8,4,20,15.825909973188729,2.929028322786853,25.555555555555557,해석 주의,작은 구간 존재,,1
C2022000F,C,int8,10,False,49.878352991900464,80980,49.878352991900464,0,0.0,0.0,162355,32471,20.0,32471,20.0,0.0,0.0,0.0,0.0,1.0,1.0,3.0,5.0,9.0,exact_categories,11,exact observed values in discovery; unseen later values separate,10,3,57,20.0293243566298,2.278977062905607,20.912124582869854,해석 주의,작은 구간 존재,,1
C23220000,C,int8,11,False,24.041760339995687,12,0.007391210618705922,0,0.0,0.0,162355,32471,20.0,32471,20.0,0.0,1.0,1.0,2.0,3.0,4.0,6.0,8.0,10.0,exact_categories,12,exact observed values in discovery; unseen later values separate,11,3,6,16.294848597683167,1.7167676869771693,19.795802609188883,해석 주의,작은 구간 존재,,1
C23220006,C,int8,6,False,89.00988574420252,144512,89.00988574420252,0,0.0,0.0,162355,32471,20.0,32471,20.0,0.0,0.0,0.0,0.0,0.0,0.0,1.0,2.0,5.0,exact_categories,7,exact observed values in discovery; unseen later values separate,6,3,23,10.115630633524583,2.361304979453649,18.571428571428573,해석 주의,작은 구간 존재,,1
C2322000C,C,int8,7,False,78.97754919774567,128224,78.97754919774567,0,0.0,0.0,162355,32471,20.0,32471,20.0,0.0,0.0,0.0,0.0,0.0,0.0,1.0,3.0,6.0,exact_categories,8,exact observed values in discovery; unseen later values separate,7,3,45,15.332153035205383,3.4783882254651455,27.575757575757578,해석 주의,작은 구간 존재,,1
C2Z000026,C,int8,7,False,88.24612731360291,143272,88.24612731360291,0,0.0,0.0,162355,32471,20.0,32471,20.0,0.0,0.0,0.0,0.0,0.0,0.0,1.0,2.0,6.0,exact_categories,8,exact observed values in discovery; unseen later values separate,7,4,13,10.019433937398334,2.2482316694364957,30.112044817927174,해석 주의,작은 구간 존재,,1
C18133006,C,int16,2431,False,32.322379969819224,52477,32.322379969819224,0,0.0,0.0,162355,32471,20.0,32471,20.0,0.0,0.0,0.0,0.0,40.0,255.0,829.0,1554.4599999999919,4116.0,quantiles,5,Q1: 0..9 (outer tails included); Q2: 9..100 (outer tails included); Q3: 100..334 (outer tails included); Q4: 334..4116 (outer tails included),4,0,16121,3.161794567843726,2.2583896270983175,8.704535664255015,계산 가능,—,,1
C1813300C,C,int16,3970,False,26.36937575066983,42812,26.36937575066983,0,0.0,0.0,162355,32471,20.0,32471,20.0,0.0,0.0,0.0,0.0,104.0,535.0,1619.0,2956.0,7434.0,quantiles,5,Q1: 0..33 (outer tails included); Q2: 33..229 (outer tails included); Q3: 229..690 (outer tails included); Q4: 690..7434 (outer tails included),4,0,16169,4.257929897726781,1.9291143810363094,8.272477665765102,계산 가능,—,,1
C1L120014,C,int8,10,False,24.39037910751132,142,0.08746265898802008,0,0.0,0.0,162355,32471,20.0,32471,20.0,0.0,1.0,1.0,2.0,3.0,4.0,6.0,7.0,9.0,exact_categories,11,exact observed values in discovery; unseen later values separate,10,2,75,20.094410690563606,1.661165550599672,26.470588235294116,해석 주의,작은 구간 존재,,1
C1L120032,C,int8,10,False,24.331865356779897,143,0.08807859320624557,0,0.0,0.0,162355,32471,20.0,32471,20.0,0.0,1.0,1.0,2.0,3.0,4.0,6.0,8.0,9.0,exact_categories,11,exact observed values in discovery; unseen later values separate,10,2,75,19.072957027764815,1.6312639629875614,27.272727272727273,해석 주의,작은 구간 존재,,1
C1L120054,C,int8,13,False,70.08222721813311,113782,70.0822272181331,0,0.0,0.0,162355,32471,20.0,32471,20.0,0.0,0.0,0.0,0.0,0.0,1.0,9.0,11.0,12.0,quantiles,3,Q1: 0..2 (outer tails included); Q2: 2..12 (outer tails included),2,0,13835,2.792088483132049,5.770059555422746,9.783335541870375,계산 가능,—,,1
C1L120066,C,float32,1188,False,41.101906316405405,78,0.0480428690215885,66731,41.101906316405405,2.8178373156134473,95624,19411,20.299297247552918,32471,20.0,0.0,1.399999976158142,4.099999904632568,13.399999618530273,29.0,56.099998474121094,89.69999694824219,98.80000305175781,180.0,quantiles,6,Q1: 0..10.8 (outer tails included); Q2: 10.8..20.9 (outer tails included); Q3: 20.9..36.400002 (outer tails included); Q4: 36.400002..61.400002 (outer tails included); Q5: 61.400002..180 (outer tails included),6,0,9469,9.016408604701997,3.3585678295387336,10.313419947085574,계산 가능,—,,1
C1L120123,C,float32,1147,False,41.11237719811524,59,0.03634011887530412,66748,41.11237719811524,2.8188536342155457,95607,19402,20.293493154266947,32471,20.0,0.0,1.7999999523162842,5.0,15.199999809265137,31.700000762939453,58.5,90.19999694824219,98.69999694824219,139.8000030517578,quantiles,6,Q1: 0..12.4 (outer tails included); Q2: 12.4..23.299999 (outer tails included); Q3: 23.299999..39.299999 (outer tails included); Q4: 39.299999..63.599998 (outer tails included); Q5: 63.599998..139.8 (outer tails included),6,0,9461,9.35798783473265,3.2018037931443017,10.408724485743782,계산 가능,—,,1
C1L120190,C,int8,13,False,90.18385636414031,146418,90.18385636414031,0,0.0,0.0,162355,32471,20.0,32471,20.0,0.0,0.0,0.0,0.0,0.0,0.0,1.0,6.0,12.0,exact_categories,14,exact observed values in discovery; unseen later values separate,13,9,64,14.246790811909074,3.0162400473364825,28.563867325335217,해석 주의,작은 구간 존재,,1
C1L120238,C,float32,1178,False,17.612638970157988,119,0.07329617196883373,28595,17.612638970157988,1.63514986882633,133760,26929,20.132326555023923,32471,20.0,0.0,1.399999976158142,4.199999809265137,13.600000381469727,29.200000762939453,55.79999923706055,88.9000015258789,98.4000015258789,131.10000610351562,quantiles,6,Q1: 0..11.2 (outer tails included); Q2: 11.2..21.6 (outer tails included); Q3: 21.6..36.799999 (outer tails included); Q4: 36.799999..61 (outer tails included); Q5: 61..131.10001 (outer tails included),6,0,13317,8.952504109040671,4.763488968887058,10.02797715110847,계산 가능,—,,1
C1L120250,C,float32,2254,False,48.86822087401065,79340,48.86822087401065,28914,17.80912198577192,1.6955986538004426,133441,26885,20.14748090916585,32471,20.0,0.0,0.0,0.0,0.0,0.0,41.400001525878906,165.10000610351562,200.0,1374.5,dominant_atom_plus_nonatom_quantiles,6,non-atom Q1: 0.2..21.700001 (outer tails included); non-atom Q2: 21.700001..60 (outer tails included); non-atom Q3: 60..118.2 (outer tails included); non-atom Q4: 118.2..1374.5 (outer tails included),6,0,6684,7.076467656773969,3.052281887258962,9.482478261861836,계산 가능,—,,1
C1L120255,C,float32,1979,False,41.72092020572203,67736,41.72092020572203,28891,17.79495549875273,1.680270233695333,133464,26882,20.141761074147336,32471,20.0,0.0,0.0,0.0,0.0,0.0,29.600000381469727,96.0999984741211,122.19999694824219,556.7999877929688,dominant_atom_plus_nonatom_quantiles,6,non-atom Q1: 0.1..9 (outer tails included); non-atom Q2: 9..28.6 (outer tails included); non-atom Q3: 28.6..67.199997 (outer tails included); non-atom Q4: 67.199997..556.79999 (outer tails included),6,0,8100,6.916678817925536,3.458647148655997,9.241374358237891,계산 가능,—,,1
C1L120256,C,float32,1906,False,34.84586246188907,56574,34.84586246188907,28852,17.77093406424194,1.7000246089873579,133503,26885,20.138124236908535,32471,20.0,0.0,0.0,0.0,0.0,2.700000047683716,31.399999618530273,94.19999694824219,113.5,455.29998779296875,quantiles,4,Q1: 0..7.8000002 (outer tails included); Q2: 7.8000002..40.900002 (outer tails included); Q3: 40.900002..455.29999 (outer tails included),4,0,13303,3.5855577254218147,5.505033542996173,8.41908347342219,계산 가능,—,,1
C1L120292,C,float32,1135,False,17.612638970157988,115,0.07083243509593175,28595,17.612638970157988,1.63514986882633,133760,26929,20.132326555023923,32471,20.0,0.0,1.7999999523162842,5.099999904632568,15.600000381469727,32.0,58.20000076293945,89.5,98.4000015258789,117.5999984741211,quantiles,6,Q1: 0..12.9 (outer tails included); Q2: 12.9..24 (outer tails included); Q3: 24..39.700001 (outer tails included); Q4: 39.700001..63 (outer tails included); Q5: 63..117.6 (outer tails included),6,0,13220,8.678285301497649,4.933492598525876,10.066286449936214,계산 가능,—,,1
C1L120301,C,float32,1153,False,17.612638970157988,80,0.04927473745803948,28595,17.612638970157988,1.63514986882633,133760,26929,20.132326555023923,32471,20.0,0.0,1.2999999523162842,3.4000000953674316,8.899999618530273,16.700000762939453,29.799999237060547,49.900001525878906,72.69999694824219,140.3000030517578,quantiles,6,Q1: 0..7.5 (outer tails included); Q2: 7.5..12.9 (outer tails included); Q3: 12.9..20.299999 (outer tails included); Q4: 20.299999..32.5 (outer tails included); Q5: 32.5..140.3 (outer tails included),6,0,13193,7.264848627368403,4.978432509953423,10.013713130674677,계산 가능,—,,1
C1L120331,C,float32,1182,False,17.612638970157988,292,0.1798527917218441,28595,17.612638970157988,1.63514986882633,133760,26929,20.132326555023923,32471,20.0,0.0,1.2999999523162842,4.5,14.899999618530273,31.299999237060547,57.900001525878906,90.19999694824219,98.9000015258789,142.5,quantiles,6,Q1: 0..12.1 (outer tails included); Q2: 12.1..23.200001 (outer tails included); Q3: 23.200001..39 (outer tails included); Q4: 39..63 (outer tails included); Q5: 63..142.5 (outer tails included),6,0,13309,8.783031074309495,4.418005777261061,9.497357218293516,계산 가능,—,,1
C1L120333,C,float32,1223,False,17.612638970157988,265,0.16322256782975578,28595,17.612638970157988,1.63514986882633,133760,26929,20.132326555023923,32471,20.0,0.0,1.0,3.700000047683716,13.100000381469727,28.600000381469727,55.400001525878906,89.5999984741211,98.9000015258789,183.89999389648438,quantiles,6,Q1: 0..10.6 (outer tails included); Q2: 10.6..20.799999 (outer tails included); Q3: 20.799999..36.099998 (outer tails included); Q4: 36.099998..60.5 (outer tails included); Q5: 60.5..183.89999 (outer tails included),6,0,13235,8.703109633020196,4.5368475842368134,9.22401353435836,계산 가능,—,,1
C1L120347,C,float32,1200,False,17.612638970157988,188,0.11579563302639279,28595,17.612638970157988,1.63514986882633,133760,26929,20.132326555023923,32471,20.0,0.0,1.0,3.0,8.600000381469727,16.399999618530273,29.799999237060547,50.79999923706055,75.0,150.39999389648438,quantiles,6,Q1: 0..7.3000002 (outer tails included); Q2: 7.3000002..12.6 (outer tails included); Q3: 12.6..20.1 (outer tails included); Q4: 20.1..32.700001 (outer tails included); Q5: 32.700001..150.39999 (outer tails included),6,0,13251,6.952105122865373,4.494546979985794,9.505127275463643,계산 가능,—,,1
C1L120354,C,float32,1203,False,17.63419666779588,15,0.009239013273382403,28630,17.63419666779588,1.6320192155856699,133725,26918,20.12936997569639,32471,20.0,0.0,2.0,4.300000190734863,10.5,18.799999237060547,31.899999618530273,51.400001525878906,75.80000305175781,148.89999389648438,quantiles,6,Q1: 0..9 (outer tails included); Q2: 9..14.7 (outer tails included); Q3: 14.7..22.5 (outer tails included); Q4: 22.5..34.5 (outer tails included); Q5: 34.5..148.89999 (outer tails included),6,0,13187,7.329406706273517,4.96242075360925,9.682768615263534,계산 가능,—,,1
C1L120357,C,float32,1965,False,34.83785531705214,56561,34.83785531705214,28852,17.77093406424194,1.7000246089873579,133503,26885,20.138124236908535,32471,20.0,0.0,0.0,0.0,0.0,3.0999999046325684,34.0,96.0,117.89800155639753,477.8999938964844,quantiles,4,Q1: 0..8.8000002 (outer tails included); Q2: 8.8000002..44 (outer tails included); Q3: 44..477.89999 (outer tails included),4,0,13308,3.5067692005380375,5.472369083158868,8.883543960582003,계산 가능,—,,1
C1M123W06,C,int8,10,False,24.366357673000525,425,0.26177204274583477,0,0.0,0.0,162355,32471,20.0,32471,20.0,0.0,1.0,1.0,2.0,3.0,4.0,6.0,7.0,9.0,exact_categories,11,exact observed values in discovery; unseen later values separate,10,2,175,19.59011931225332,1.8445583776199066,27.435897435897438,해석 주의,작은 구간 존재,,1
C1M126W03,C,int8,8,False,52.23183763974008,84801,52.23183763974008,0,0.0,0.0,162355,32471,20.0,32471,20.0,0.0,0.0,0.0,0.0,0.0,1.0,3.0,5.0,7.0,exact_categories,9,exact observed values in discovery; unseen later values separate,8,2,121,5.080050004916215,3.1900434674980827,27.734711455641687,해석 주의,작은 구간 존재,,1
C1M126W06,C,int8,8,False,43.925964706969296,71316,43.925964706969296,0,0.0,0.0,162355,32471,20.0,32471,20.0,0.0,0.0,0.0,0.0,1.0,2.0,4.0,5.0,7.0,exact_categories,9,exact observed values in discovery; unseen later values separate,8,1,173,8.20358363433768,3.753692671068837,21.720500988793674,해석 주의,작은 구간 존재,,1
C1M1A8003,C,int16,2661,False,49.322780327061075,80078,49.32278032706107,0,0.0,0.0,162355,32471,20.0,32471,20.0,0.0,0.0,0.0,0.0,1.0,119.0,835.0,1799.0,3642.0,quantiles,4,Q1: 0..20 (outer tails included); Q2: 20..185 (outer tails included); Q3: 185..3642 (outer tails included),3,0,16102,1.134852878705539,3.3839890783233684,7.355326383553173,계산 가능,—,11.0,2
C1M1A8006,C,int16,2630,False,43.37223984478457,70417,43.37223984478458,0,0.0,0.0,162355,32471,20.0,32471,20.0,0.0,0.0,0.0,0.0,8.0,129.0,835.0,1781.0,3452.0,quantiles,4,Q1: 0..28 (outer tails included); Q2: 28..190 (outer tails included); Q3: 190..3452 (outer tails included),3,0,16164,1.5288723773578567,3.5662628426208265,8.111678912434307,계산 가능,—,,1
C1M1A9003,C,int16,1354,False,50.55649656616673,82081,50.556496566166736,0,0.0,0.0,162355,32471,20.0,32471,20.0,0.0,0.0,0.0,0.0,0.0,200.0,750.0,1400.0,1800.0,dominant_atom_plus_nonatom_quantiles,6,non-atom Q1: 1..90 (outer tails included); non-atom Q2: 90..200 (outer tails included); non-atom Q3: 200..440 (outer tails included); non-atom Q4: 440..1800 (outer tails included),5,0,9678,3.928041182251249,3.188364886404804,8.838086880210618,계산 가능,—,,1
C1M1A9006,C,int16,1420,False,42.709494625973946,69341,42.709494625973946,0,0.0,0.0,162355,32471,20.0,32471,20.0,0.0,0.0,0.0,0.0,50.0,274.0,800.0,1520.0,1836.0,quantiles,4,Q1: 0..110 (outer tails included); Q2: 110..349 (outer tails included); Q3: 349..1836 (outer tails included),3,0,16042,2.568393284582901,2.0135565186597093,7.1594317572027855,계산 가능,—,,1
C1M233W03,C,int16,6758,False,0.56173200702165,912,0.56173200702165,0,0.0,0.0,162355,32471,20.0,32471,20.0,0.0,10.0,100.0,382.0,736.0,1344.0,3221.0,6229.379999999976,13391.0,quantiles,6,Q1: 0..318 (outer tails included); Q2: 318..584 (outer tails included); Q3: 584..923 (outer tails included); Q4: 923..1554 (outer tails included); Q5: 1554..13391 (outer tails included),5,0,16149,5.473851359621987,1.7310218185371844,7.590637269985489,계산 가능,—,,1
C1M2B3W06,C,int16,10897,False,0.3258292014412861,529,0.3258292014412861,0,0.0,0.0,162355,32471,20.0,32471,20.0,0.0,41.0,221.0,784.0,1480.0,2667.0,6309.0,11822.919999999984,25215.0,quantiles,6,Q1: 0..652 (outer tails included); Q2: 652..1168 (outer tails included); Q3: 1168..1835 (outer tails included); Q4: 1835..3052.6 (outer tails included); Q5: 3052.6..25215 (outer tails included),5,0,16154,4.60015823209056,1.7076641044035195,7.6330178461501035,계산 가능,—,,1
C1M2B3W0C,C,int32,17681,False,0.18170059437652059,295,0.18170059437652059,0,0.0,0.0,162355,32471,20.0,32471,20.0,0.0,108.0,463.0,1577.0,2950.0,5282.0,12277.299999999988,22763.0,47455.0,quantiles,6,Q1: 0..1313 (outer tails included); Q2: 1313..2341 (outer tails included); Q3: 2341..3653.2 (outer tails included); Q4: 3653.2..6039 (outer tails included); Q5: 6039..47455 (outer tails included),5,0,16166,4.055427183803789,1.4481046095463967,7.723183489001123,계산 가능,—,,1
C1M2B4W0C,C,int16,9209,False,0.4046687813741493,657,0.40466878137414924,0,0.0,0.0,162355,32471,20.0,32471,20.0,0.0,16.0,147.0,681.0,1359.0,2373.0,5022.0,9005.919999999984,25988.0,quantiles,6,Q1: 0..549 (outer tails included); Q2: 549..1061 (outer tails included); Q3: 1061..1681 (outer tails included); Q4: 1681..2684 (outer tails included); Q5: 2684..25988 (outer tails included),5,0,16146,4.177681662959939,1.9902651835995822,7.022826867040518,계산 가능,—,,1
C1N128006,C,int8,8,False,42.69902374426412,69324,42.69902374426411,0,0.0,0.0,162355,32471,20.0,32471,20.0,0.0,0.0,0.0,0.0,1.0,2.0,4.0,5.0,7.0,exact_categories,9,exact observed values in discovery; unseen later values separate,8,1,172,6.176929483148358,3.428199774604068,24.257246376811594,해석 주의,작은 구간 존재,,1
C1N1A8003,C,int16,2661,False,49.322780327061075,80078,49.32278032706107,0,0.0,0.0,162355,32471,20.0,32471,20.0,0.0,0.0,0.0,0.0,1.0,119.0,835.0,1799.0,3642.0,quantiles,4,Q1: 0..20 (outer tails included); Q2: 20..185 (outer tails included); Q3: 185..3642 (outer tails included),3,0,16102,1.134852878705539,3.3839890783233684,7.355326383553173,계산 가능,—,11.0,2
C1N1A800C,C,int16,2546,False,37.12112346401405,60268,37.12112346401404,0,0.0,0.0,162355,32471,20.0,32471,20.0,0.0,0.0,0.0,0.0,13.0,136.0,826.0,1733.0,3268.0,quantiles,5,Q1: 0..2 (outer tails included); Q2: 2..35 (outer tails included); Q3: 35..194 (outer tails included); Q4: 194..3268 (outer tails included),4,0,15374,1.7653227967445395,5.378542813905629,8.086767656138033,계산 가능,—,,1
C1N218000,C,int8,8,False,60.87770626097133,98838,60.87770626097133,0,0.0,0.0,162355,32471,20.0,32471,20.0,0.0,0.0,0.0,0.0,0.0,1.0,3.0,5.0,7.0,exact_categories,9,exact observed values in discovery; unseen later values separate,8,2,87,3.536226751941754,2.478760130853863,26.903178122690317,해석 주의,작은 구간 존재,,1
C1N228000,C,int8,8,False,60.87770626097133,98838,60.87770626097133,0,0.0,0.0,162355,32471,20.0,32471,20.0,0.0,0.0,0.0,0.0,0.0,1.0,3.0,5.0,7.0,exact_categories,9,exact observed values in discovery; unseen later values separate,8,2,86,3.560499230083475,2.478760130853863,25.974025974025974,해석 주의,작은 구간 존재,,1
C1N22R000,C,int8,7,False,38.07582150226356,57747,35.568353299867574,0,0.0,0.0,162355,32471,20.0,32471,20.0,0.0,0.0,0.0,0.0,1.0,2.0,3.0,4.0,6.0,exact_categories,8,exact observed values in discovery; unseen later values separate,7,2,92,6.762931789156515,3.5272108484730555,26.35087719298246,해석 주의,작은 구간 존재,,1
C1N238000,C,int16,2423,False,60.90542330079147,98883,60.905423300791476,0,0.0,0.0,162355,32471,20.0,32471,20.0,0.0,0.0,0.0,0.0,0.0,143.5,918.2999999999884,1940.0,4077.0,dominant_atom_plus_nonatom_quantiles,6,non-atom Q1: 1..92 (outer tails included); non-atom Q2: 92..240 (outer tails included); non-atom Q3: 240..580 (outer tails included); non-atom Q4: 580..4077 (outer tails included),5,0,7840,4.124241912219778,2.4667240512757593,9.279526914681586,계산 가능,—,,1
C1N239000,C,int16,4888,False,1.316867358566105,2138,1.316867358566105,0,0.0,0.0,162355,32471,20.0,32471,20.0,0.0,0.0,31.0,182.0,418.0,867.0,2147.0,4070.0,7847.0,quantiles,6,Q1: 0..146 (outer tails included); Q2: 146..314 (outer tails included); Q3: 314..558 (outer tails included); Q4: 558..1032 (outer tails included); Q5: 1032..7847 (outer tails included),5,0,16147,8.576113900188517,2.425694123963709,7.092452911437192,계산 가능,—,,1
C1N295W03,C,int16,2179,False,17.895352776323488,29054,17.895352776323488,0,0.0,0.0,162355,32471,20.0,32471,20.0,0.0,0.0,0.0,20.0,80.0,185.0,550.0,1264.0,3900.0,quantiles,6,Q1: 0..10 (outer tails included); Q2: 10..54 (outer tails included); Q3: 54..111 (outer tails included); Q4: 111..222 (outer tails included); Q5: 222..3900 (outer tails included),5,0,16072,7.321058119372548,1.8434650796587793,7.684237739482143,계산 가능,—,,1
C1N296W03,C,int16,2139,False,52.23183763974008,84801,52.23183763974008,0,0.0,0.0,162355,32471,20.0,32471,20.0,0.0,0.0,0.0,0.0,0.0,200.0,820.0,1793.4599999999919,6109.0,dominant_atom_plus_nonatom_quantiles,6,non-atom Q1: 1..90 (outer tails included); non-atom Q2: 90..200 (outer tails included); non-atom Q3: 200..465 (outer tails included); non-atom Q4: 465..6109 (outer tails included),5,0,9208,3.3359743704571287,3.1900434674980827,9.368974708338277,계산 가능,—,,1
C1N296W06,C,int16,2353,False,43.92658064118752,71317,43.92658064118752,0,0.0,0.0,162355,32471,20.0,32471,20.0,0.0,0.0,0.0,0.0,40.0,275.0,980.0,2090.0,6740.0,quantiles,4,Q1: 0..100 (outer tails included); Q2: 100..350 (outer tails included); Q3: 350..6740 (outer tails included),3,0,15610,1.5542912674745861,2.5738754343825776,7.578737436565763,계산 가능,—,,1
C1N2A3W03,C,int16,2978,False,0.2574605032182563,278,0.1712297126666872,0,0.0,0.0,162355,32471,20.0,32471,20.0,0.0,17.0,58.0,161.0,278.0,481.0,1109.0,2106.0,4477.0,quantiles,6,Q1: 0..139 (outer tails included); Q2: 139..228 (outer tails included); Q3: 228..342 (outer tails included); Q4: 342..550 (outer tails included); Q5: 550..4477 (outer tails included),5,0,16042,5.862581052433577,1.6349958597816738,7.454541347012594,계산 가능,—,,1
C1N2A3W06,C,int16,2861,False,0.26177204274583477,157,0.09670167226140249,0,0.0,0.0,162355,32471,20.0,32471,20.0,0.0,21.0,62.0,164.0,280.0,478.0,1083.0,2001.4599999999919,4219.0,quantiles,6,Q1: 0..142 (outer tails included); Q2: 142..229 (outer tails included); Q3: 229..339 (outer tails included); Q4: 339..540 (outer tails included); Q5: 540..4219 (outer tails included),5,0,16055,5.455074155851622,1.7413422729533807,7.575348045832406,계산 가능,—,,1
C1N2A3W0C,C,int16,2761,False,0.2771703982014721,89,0.05481814542206892,0,0.0,0.0,162355,32471,20.0,32471,20.0,0.0,24.0,65.0,166.0,280.0,473.0,1056.0,1929.0,3978.0,quantiles,6,Q1: 0..143 (outer tails included); Q2: 143..230 (outer tails included); Q3: 230..338 (outer tails included); Q4: 338..536 (outer tails included); Q5: 536..3978 (outer tails included),5,0,16097,4.502498328419397,1.855691039624091,7.785593403417963,계산 가능,—,,1
C1N2A6W03,C,int16,1967,False,52.36426349665856,85016,52.36426349665856,0,0.0,0.0,162355,32471,20.0,32471,20.0,0.0,0.0,0.0,0.0,0.0,106.0,593.0,1286.4599999999919,3846.0,dominant_atom_plus_nonatom_quantiles,6,non-atom Q1: 1..36 (outer tails included); non-atom Q2: 36..116 (outer tails included); non-atom Q3: 116..309 (outer tails included); non-atom Q4: 309..3846 (outer tails included),5,0,9460,2.717953739611825,3.179865789291658,8.550486027777936,계산 가능,—,,1
C1N2A6W06,C,int16,2020,False,44.4624434110437,72187,44.4624434110437,0,0.0,0.0,162355,32471,20.0,32471,20.0,0.0,0.0,0.0,0.0,8.0,112.0,583.0,1251.0,3232.0,quantiles,4,Q1: 0..30 (outer tails included); Q2: 30..159 (outer tails included); Q3: 159..3232 (outer tails included),3,0,16086,0.9770892720386171,2.9461127860777703,8.814266958401241,계산 가능,—,,1
C1N2B3W03,C,int16,6839,False,0.15151981768347142,221,0.13612146222783406,0,0.0,0.0,162355,32471,20.0,32471,20.0,0.0,52.0,174.0,483.0,835.0,1444.0,3329.0,6318.919999999984,13432.0,quantiles,6,Q1: 0..417 (outer tails included); Q2: 417..686 (outer tails included); Q3: 686..1027 (outer tails included); Q4: 1027..1651 (outer tails included); Q5: 1651..13432 (outer tails included),5,0,16146,5.887409034804339,1.5954484356792613,7.425392474002596,계산 가능,—,,1
C1N2B3W06,C,int16,11120,False,0.15829509408395184,103,0.06344122447722583,0,0.0,0.0,162355,32471,20.0,32471,20.0,0.0,129.0,375.0,987.0,1681.0,2869.0,6503.0,12012.379999999976,25309.0,quantiles,6,Q1: 0..853 (outer tails included); Q2: 853..1379 (outer tails included); Q3: 1379..2034 (outer tails included); Q4: 2034..3244 (outer tails included); Q5: 3244..25309 (outer tails included),5,0,16167,5.443656983213785,1.7559333578005405,7.549740036647755,계산 가능,—,,1
C1N2B4W03,C,int16,3692,False,0.284561608820178,462,0.284561608820178,0,0.0,0.0,162355,32471,20.0,32471,20.0,0.0,17.0,79.0,251.0,441.0,717.0,1446.0,2647.459999999992,7815.0,quantiles,6,Q1: 0..216 (outer tails included); Q2: 216..363 (outer tails included); Q3: 363..534 (outer tails included); Q4: 534..810 (outer tails included); Q5: 810..7815 (outer tails included),5,0,16150,5.490597124727953,1.8302077340897198,8.786764135371882,계산 가능,—,,1
C1N2B4W06,C,int16,6004,False,0.1502879492470204,244,0.1502879492470204,0,0.0,0.0,162355,32471,20.0,32471,20.0,0.0,42.0,168.0,512.0,884.0,1421.0,2837.0,5072.459999999992,14242.0,quantiles,6,Q1: 0..435 (outer tails included); Q2: 435..723 (outer tails included); Q3: 723..1056.2 (outer tails included); Q4: 1056.2..1593 (outer tails included); Q5: 1593..14242 (outer tails included),5,0,16159,5.118046990530675,1.7920540696443972,7.14155237817333,계산 가능,—,,1
C1N2B4W0C,C,int16,9804,False,0.12195497520864772,129,0.07945551415108866,0,0.0,0.0,162355,32471,20.0,32471,20.0,0.0,96.0,352.0,1033.0,1763.0,2810.0,5566.0,9692.219999999943,27169.0,quantiles,6,Q1: 0..882 (outer tails included); Q2: 882..1454 (outer tails included); Q3: 1454..2100 (outer tails included); Q4: 2100..3150 (outer tails included); Q5: 3150..27169 (outer tails included),5,0,16170,5.353779044358281,1.7819184853013148,7.409713574097136,계산 가능,—,,1
C1N2B5W06,C,int16,4841,False,11.452680853684827,18594,11.452680853684827,0,0.0,0.0,162355,32471,20.0,32471,20.0,0.0,0.0,0.0,85.0,272.0,617.0,1749.0,4068.3799999999756,10844.0,quantiles,6,Q1: 0..56 (outer tails included); Q2: 56..187 (outer tails included); Q3: 187..377 (outer tails included); Q4: 377..729 (outer tails included); Q5: 729..10844 (outer tails included),5,0,16111,6.79537792473246,1.5322619779242292,8.05542591926363,계산 가능,—,,1
C1N2B5W0C,C,int16,7416,False,6.8036093745188015,11046,6.8036093745188015,0,0.0,0.0,162355,32471,20.0,32471,20.0,0.0,0.0,0.0,206.0,566.0,1208.0,3299.2999999999884,7422.899999999878,19669.0,quantiles,6,Q1: 0..150 (outer tails included); Q2: 150..407 (outer tails included); Q3: 407..765 (outer tails included); Q4: 765..1430.6 (outer tails included); Q5: 1430.6..19669 (outer tails included),5,0,16137,7.17263581557569,1.7933995430705785,7.776772602204918,계산 가능,—,,1
C1N2B6W03,C,int16,4022,False,52.23183763974008,84801,52.23183763974008,0,0.0,0.0,162355,32471,20.0,32471,20.0,0.0,0.0,0.0,0.0,0.0,319.0,1780.0,3860.459999999992,11520.0,dominant_atom_plus_nonatom_quantiles,6,non-atom Q1: 1..110 (outer tails included); non-atom Q2: 110..350 (outer tails included); non-atom Q3: 350..923 (outer tails included); non-atom Q4: 923..11520 (outer tails included),5,0,9460,2.69230570013044,3.1900434674980827,8.495213375131204,계산 가능,—,,1
C1N2B6W06,C,int16,6785,False,43.92658064118752,71317,43.92658064118752,0,0.0,0.0,162355,32471,20.0,32471,20.0,0.0,0.0,0.0,0.0,50.0,673.0,3502.2999999999884,7507.839999999967,19290.0,quantiles,4,Q1: 0..180 (outer tails included); Q2: 180..956.6 (outer tails included); Q3: 956.6..19290 (outer tails included),3,0,16165,0.9674386020143338,2.948842843505628,8.837842819712709,계산 가능,—,,1
C1N2B6W0C,C,int16,11010,False,35.855378645560656,58213,35.855378645560656,0,0.0,0.0,162355,32471,20.0,32471,20.0,0.0,0.0,0.0,0.0,180.0,1380.0,6822.0,14447.29999999996,32559.0,quantiles,5,Q1: 0..30 (outer tails included); Q2: 30..408 (outer tails included); Q3: 408..1910 (outer tails included); Q4: 1910..32559 (outer tails included),4,0,15963,1.1893343174508686,4.819800475060109,7.735603760708365,계산 가능,—,,1
C1N2C6W03,C,int8,8,False,52.23183763974008,84801,52.23183763974008,0,0.0,0.0,162355,32471,20.0,32471,20.0,0.0,0.0,0.0,0.0,0.0,1.0,3.0,5.0,7.0,exact_categories,9,exact observed values in discovery; unseen later values separate,8,2,100,4.677832326596013,3.1900434674980827,31.438127090301002,해석 주의,작은 구간 존재,,1
C1N2C6W06,C,int8,8,False,43.925964706969296,71316,43.925964706969296,0,0.0,0.0,162355,32471,20.0,32471,20.0,0.0,0.0,0.0,0.0,1.0,2.0,4.0,5.0,7.0,exact_categories,9,exact observed values in discovery; unseen later values separate,8,2,128,5.541255407366546,3.753692671068837,21.253699219800914,해석 주의,작은 구간 존재,,1
C1N2D6W06,C,float32,37,False,43.925964706969296,71316,43.925964706969296,0,0.0,0.0,162355,32471,20.0,32471,20.0,0.0,0.0,0.0,0.0,0.20000000298023224,1.0,2.799999952316284,4.0,6.0,quantiles,4,Q1: 0..0.30000001 (outer tails included); Q2: 0.30000001..1 (outer tails included); Q3: 1..6 (outer tails included),3,0,15672,2.147340078838231,4.655789539204591,8.656559808958683,계산 가능,—,,1
C1P000001,C,int8,8,False,37.65205876012442,26019,16.025992424009115,0,0.0,0.0,162355,32471,20.0,32471,20.0,0.0,0.0,0.0,1.0,1.0,2.0,4.0,5.0,7.0,exact_categories,9,exact observed values in discovery; unseen later values separate,8,2,127,3.6542087581694442,1.7639892458425177,18.51851851851852,해석 주의,작은 구간 존재,,1
C1P000005,C,float32,4722,False,17.611407101721536,48,0.029564842474823688,28593,17.611407101721536,1.6268380078006461,133762,26930,20.132773134372993,32471,20.0,0.0,2.260999989509595,7.0,29.399999618530273,63.70000076293945,111.0999984741211,235.49499969482392,407.5,692.2999877929688,quantiles,6,Q1: 0..22.799999 (outer tails included); Q2: 22.799999..47.400002 (outer tails included); Q3: 47.400002..78.900002 (outer tails included); Q4: 78.900002..126.1 (outer tails included); Q5: 126.1..692.29999 (outer tails included),6,0,13313,4.215445732006831,2.36902670999847,8.813001864362437,계산 가능,—,,1
C1P000011,C,int8,8,False,37.27141141326106,25474,15.690308275076221,0,0.0,0.0,162355,32471,20.0,32471,20.0,0.0,0.0,0.0,1.0,1.0,2.0,4.0,5.0,7.0,exact_categories,9,exact observed values in discovery; unseen later values separate,8,2,131,3.7807675522630593,1.8875203082574343,18.47290640394089,해석 주의,작은 구간 존재,,1
C1Z000009,C,int16,3487,False,39.85155985340766,64701,39.85155985340766,0,0.0,0.0,162355,32471,20.0,32471,20.0,0.0,0.0,0.0,0.0,61.0,342.0,1318.0,2487.9199999999837,5865.0,quantiles,5,Q1: 0..2 (outer tails included); Q2: 2..145 (outer tails included); Q3: 145..459 (outer tails included); Q4: 459..5865 (outer tails included),4,0,16122,4.428621359213814,3.4539978973499865,6.3632266907008095,계산 가능,—,,1
C1Z000273,C,int8,11,False,24.817221520741583,130,0.08007144836931415,0,0.0,0.0,162355,32471,20.0,32471,20.0,0.0,1.0,1.0,2.0,3.0,4.0,6.0,8.0,10.0,exact_categories,12,exact observed values in discovery; unseen later values separate,11,3,74,13.872779091548907,1.579202051275369,25.609756097560975,해석 주의,작은 구간 존재,,1
C1Z000294,C,int8,7,False,43.925964706969296,71316,43.925964706969296,0,0.0,0.0,162355,32471,20.0,32471,20.0,0.0,0.0,0.0,0.0,1.0,4.0,6.0,6.0,6.0,exact_categories,8,exact observed values in discovery; unseen later values separate,7,0,5029,2.092133725869985,3.753692671068837,9.432960707512555,계산 가능,—,12.0,2
C1Z000397,C,int16,5119,False,0.21434510794247175,348,0.21434510794247175,0,0.0,0.0,162355,32471,20.0,32471,20.0,0.0,30.0,124.0,367.0,630.0,1030.0,2159.0,4184.919999999984,10703.0,quantiles,6,Q1: 0..316 (outer tails included); Q2: 316..522 (outer tails included); Q3: 522..763 (outer tails included); Q4: 763..1167 (outer tails included); Q5: 1167..10703 (outer tails included),5,0,16154,7.190576861617082,1.930288519503065,8.341668817037501,계산 가능,—,,1
C1Z000753,C,int8,7,False,43.925964706969296,71316,43.925964706969296,0,0.0,0.0,162355,32471,20.0,32471,20.0,0.0,0.0,0.0,0.0,1.0,4.0,6.0,6.0,6.0,exact_categories,8,exact observed values in discovery; unseen later values separate,7,0,5029,2.092133725869985,3.753692671068837,9.432960707512555,계산 가능,—,12.0,2
C1Z000761,C,int8,6,False,99.06254811986079,130,0.08007144836931415,0,0.0,0.0,162355,32471,20.0,32471,20.0,0.0,6.0,6.0,6.0,6.0,6.0,6.0,6.0,6.0,exact_categories,7,exact observed values in discovery; unseen later values separate,6,5,74,,0.40579942750392783,37.351190476190474,해석 주의,404행 이상인 구간이 2개 미만; 작은 구간 존재,,1
C1Z000762,C,int32,13153,False,0.10347694866188291,90,0.05543407964029442,0,0.0,0.0,162355,32471,20.0,32471,20.0,0.0,189.0,561.0,1521.0,2519.0,4009.0,8120.299999999988,14958.839999999967,38406.0,quantiles,6,Q1: 0..1311 (outer tails included); Q2: 1311..2094 (outer tails included); Q3: 2094..3003 (outer tails included); Q4: 3003..4494 (outer tails included); Q5: 4494..38406 (outer tails included),5,0,16168,6.930829569272559,1.7658052749390418,8.862962909695046,계산 가능,—,,1
C1Z000809,C,int16,7867,False,0.49890671676264975,810,0.49890671676264975,0,0.0,0.0,162355,32471,20.0,32471,20.0,0.0,17.0,152.0,571.0,1065.0,1817.0,3933.2999999999884,7515.379999999976,19893.0,quantiles,6,Q1: 0..473 (outer tails included); Q2: 473..854 (outer tails included); Q3: 854..1306 (outer tails included); Q4: 1306..2056 (outer tails included); Q5: 2056..19893 (outer tails included),5,0,16165,6.145976223114857,1.7512059525277734,8.12688217399263,계산 가능,—,,1
C1Z000816,C,int16,3231,False,18.03455390964245,29280,18.03455390964245,0,0.0,0.0,162355,32471,20.0,32471,20.0,0.0,0.0,0.0,27.0,128.0,312.0,942.2999999999884,2227.0,6234.0,quantiles,6,Q1: 0..11 (outer tails included); Q2: 11..82 (outer tails included); Q3: 82..184 (outer tails included); Q4: 184..377 (outer tails included); Q5: 377..6234 (outer tails included),5,0,16071,7.061075854503995,1.815120343649057,8.551254213035133,계산 가능,—,,1
C1Z000941,C,int8,8,False,35.85476271134243,58212,35.85476271134243,0,0.0,0.0,162355,32471,20.0,32471,20.0,0.0,0.0,0.0,0.0,1.0,2.0,4.0,6.0,7.0,exact_categories,9,exact observed values in discovery; unseen later values separate,8,1,229,6.920326028960375,4.677394322455819,37.7344336084021,해석 주의,작은 구간 존재,,1
C1Z000942,C,int16,4969,False,0.8118012996212004,1318,0.8118012996212004,0,0.0,0.0,162355,32471,20.0,32471,20.0,0.0,3.0,67.0,279.0,533.0,922.0,2034.0,4021.0,10554.0,quantiles,6,Q1: 0..232 (outer tails included); Q2: 232..427 (outer tails included); Q3: 427..660 (outer tails included); Q4: 660..1052 (outer tails included); Q5: 1052..10554 (outer tails included),5,0,16147,6.802399237609993,1.7518929703560366,7.882758321147804,계산 가능,—,,1
C1Z000943,C,int32,12589,False,0.28887314834775646,469,0.28887314834775646,0,0.0,0.0,162355,32471,20.0,32471,20.0,0.0,56.0,324.0,1149.0,2114.0,3584.0,7588.299999999988,14364.919999999984,37895.0,quantiles,6,Q1: 0..951 (outer tails included); Q2: 951..1706 (outer tails included); Q3: 1706..2591 (outer tails included); Q4: 2591..4043 (outer tails included); Q5: 4043..37895 (outer tails included),5,0,16164,6.09063858639386,1.891144302822867,7.695683319326076,계산 가능,—,,1
C1Z000946,C,int8,6,False,99.27504542514859,78,0.0480428690215885,0,0.0,0.0,162355,32471,20.0,32471,20.0,0.0,6.0,6.0,6.0,6.0,6.0,6.0,6.0,6.0,exact_categories,7,exact observed values in discovery; unseen later values separate,6,5,38,,0.33465886291977887,25.232367413887367,해석 주의,404행 이상인 구간이 2개 미만; 작은 구간 존재,,1
C1Z000953,C,int16,2502,False,11.338733023313111,18409,11.338733023313111,0,0.0,0.0,162355,32471,20.0,32471,20.0,0.0,0.0,0.0,47.0,120.0,247.0,679.2999999999884,1534.4599999999919,4577.0,quantiles,6,Q1: 0..34 (outer tails included); Q2: 34..89 (outer tails included); Q3: 89..159 (outer tails included); Q4: 159..292.6 (outer tails included); Q5: 292.6..4577 (outer tails included),5,0,15949,8.002562192034127,1.859549837318042,7.7482091240417255,계산 가능,—,,1
C1Z000954,C,int16,2836,False,6.737088478950448,10938,6.737088478950448,0,0.0,0.0,162355,32471,20.0,32471,20.0,0.0,0.0,0.0,80.0,169.0,324.0,843.0,1871.0,5221.0,quantiles,6,Q1: 0..64 (outer tails included); Q2: 64..132 (outer tails included); Q3: 132..219 (outer tails included); Q4: 219..381 (outer tails included); Q5: 381..5221 (outer tails included),5,0,16103,9.15245032418501,2.022665150190797,7.750940176149696,계산 가능,—,,1
C1Z000955,C,int16,2601,False,35.855378645560656,58213,35.855378645560656,0,0.0,0.0,162355,32471,20.0,32471,20.0,0.0,0.0,0.0,0.0,100.0,360.0,1164.0,2440.0,7450.0,quantiles,5,Q1: 0..20 (outer tails included); Q2: 20..170 (outer tails included); Q3: 170..450 (outer tails included); Q4: 450..7450 (outer tails included),4,0,16056,1.8293509481520558,4.149746981343993,7.30338302234917,계산 가능,—,,1
C1Z000963,C,int16,1955,False,37.24431030765914,60468,37.24431030765914,0,0.0,0.0,162355,32471,20.0,32471,20.0,0.0,0.0,0.0,0.0,15.0,115.0,568.0,1203.4599999999919,2746.0,quantiles,5,Q1: 0..2 (outer tails included); Q2: 2..34 (outer tails included); Q3: 34..159 (outer tails included); Q4: 159..2746 (outer tails included),4,0,15961,1.2150808807796372,4.812142968831711,7.716393963131289,계산 가능,—,,1
C1Z000964,C,int16,4715,False,0.7662221674725139,1244,0.7662221674725139,0,0.0,0.0,162355,32471,20.0,32471,20.0,0.0,2.0,38.0,181.0,401.0,824.0,2052.0,3847.9199999999837,7492.0,quantiles,6,Q1: 0..146 (outer tails included); Q2: 146..303 (outer tails included); Q3: 303..528 (outer tails included); Q4: 528..970 (outer tails included); Q5: 970..7492 (outer tails included),5,0,16137,6.8678531821760505,1.9139643095195864,7.67903796189826,계산 가능,—,,1
C1Z000965,C,int16,4553,False,0.37264020202642356,605,0.37264020202642356,0,0.0,0.0,162355,32471,20.0,32471,20.0,0.0,8.0,47.0,190.0,405.0,813.0,1989.0,3642.9199999999837,7068.0,quantiles,6,Q1: 0..155 (outer tails included); Q2: 155..309 (outer tails included); Q3: 309..530 (outer tails included); Q4: 530..953 (outer tails included); Q5: 953..7068 (outer tails included),5,0,16132,5.275629288450881,1.889639238072749,7.521317176362643,계산 가능,—,,1
C1Z000968,C,int32,18017,False,0.14166487019186352,46,0.0283329740383727,0,0.0,0.0,162355,32471,20.0,32471,20.0,0.0,295.53999999999996,785.0,1998.0,3369.0,5681.0,12675.0,23148.459999999992,47720.0,quantiles,6,Q1: 0..1725.4 (outer tails included); Q2: 1725.4..2762 (outer tails included); Q3: 2762..4061 (outer tails included); Q4: 4061..6440 (outer tails included); Q5: 6440..47720 (outer tails included),5,0,16175,4.501156020279476,1.8479021167894794,7.8134837209513535,계산 가능,—,,1
C1Z000975,C,int8,8,False,35.85476271134243,58212,35.85476271134243,0,0.0,0.0,162355,32471,20.0,32471,20.0,0.0,0.0,0.0,0.0,1.0,2.0,4.0,5.0,7.0,exact_categories,9,exact observed values in discovery; unseen later values separate,8,1,151,6.315315315315314,4.677394322455819,22.99414464313974,해석 주의,작은 구간 존재,,1
C1Z000978,C,float32,20,False,52.23183763974008,84801,52.23183763974008,0,0.0,0.0,162355,32471,20.0,32471,20.0,0.0,0.0,0.0,0.0,0.0,1.0,2.700000047683716,4.0,6.300000190734863,dominant_atom_plus_nonatom_quantiles,6,non-atom Q1: 0.30000001..0.69999999 (outer tails included); non-atom Q2: 0.69999999..1 (outer tails included); non-atom Q3: 1..1.7 (outer tails included); non-atom Q4: 1.7..6.3000002 (outer tails included),5,0,5280,3.831725411191261,3.1900434674980827,8.85204363972034,계산 가능,—,,1
C1Z001038,C,int32,17651,False,0.3966616365372178,644,0.3966616365372178,0,0.0,0.0,162355,32471,20.0,32471,20.0,0.0,35.0,261.0,1118.0,2429.0,4933.0,12197.299999999988,22746.29999999996,43839.0,quantiles,6,Q1: 0..906 (outer tails included); Q2: 906..1843 (outer tails included); Q3: 1843..3181 (outer tails included); Q4: 3181..5780.6 (outer tails included); Q5: 5780.6..43839 (outer tails included),5,0,16171,5.773907212412352,1.6526211784169798,7.4690961626003975,계산 가능,—,,1
C1Z001044,C,float32,86,False,9.03144344184041,34,0.02094176341966678,0,0.0,0.0,162355,32471,20.0,32471,20.0,0.0,1.0,1.0,2.0,3.0,4.0,5.800000190734863,7.099999904632568,8.699999809265137,quantiles,6,Q1: 0..1.9 (outer tails included); Q2: 1.9..2.5999999 (outer tails included); Q3: 2.5999999..3.3 (outer tails included); Q4: 3.3..4.1999998 (outer tails included); Q5: 4.1999998..8.6999998 (outer tails included),5,0,14373,4.370200037624722,1.85847368803759,8.496318099770267,계산 가능,—,,1
C1Z001046,C,int16,8176,False,0.11086815928058884,180,0.11086815928058884,0,0.0,0.0,162355,32471,20.0,32471,20.0,0.0,79.0,268.0,751.0,1265.0,2025.0,4179.299999999988,7850.459999999992,20168.0,quantiles,6,Q1: 0..644 (outer tails included); Q2: 644..1040 (outer tails included); Q3: 1040..1509 (outer tails included); Q4: 1509..2280 (outer tails included); Q5: 2280..20168 (outer tails included),5,0,16175,6.791484733367417,1.8951357936002222,8.34220644779651,계산 가능,—,,1
C1Z001055,C,int8,10,False,25.600073912106186,962,0.5925287179329247,0,0.0,0.0,162355,32471,20.0,32471,20.0,0.0,1.0,1.0,2.0,3.0,4.0,6.0,7.0,9.0,exact_categories,11,exact observed values in discovery; unseen later values separate,10,2,132,12.287424228117514,1.931120239876158,25.695637238062524,해석 주의,작은 구간 존재,,1
C1Z001079,C,int8,7,False,48.26891687967725,78367,48.26891687967725,0,0.0,0.0,162355,32471,20.0,32471,20.0,0.0,0.0,0.0,0.0,1.0,4.0,6.0,6.0,6.0,exact_categories,8,exact observed values in discovery; unseen later values separate,7,0,4597,2.291596539736815,3.076487346741491,10.862569873492202,계산 가능,—,,1
C1Z001081,C,int8,7,False,59.16540913430446,96058,59.165409134304454,0,0.0,0.0,162355,32471,20.0,32471,20.0,0.0,0.0,0.0,0.0,0.0,2.0,6.0,6.0,6.0,exact_categories,8,exact observed values in discovery; unseen later values separate,7,0,3645,3.7875591291160693,1.9142234243629819,8.664885434377783,계산 가능,—,,1
C1Z001117,C,int8,4,False,99.37544270271935,231,0.142280804410089,0,0.0,0.0,162355,32471,20.0,32471,20.0,0.0,3.0,3.0,3.0,3.0,3.0,3.0,3.0,3.0,exact_categories,5,exact observed values in discovery; unseen later values separate,4,3,124,,0.3033678343464463,22.36434108527132,해석 주의,404행 이상인 구간이 2개 미만; 작은 구간 존재,,1
C1Z001140,C,int8,4,False,89.64306612053832,145540,89.64306612053832,0,0.0,0.0,162355,32471,20.0,32471,20.0,0.0,0.0,0.0,0.0,0.0,0.0,2.0,3.0,3.0,exact_categories,5,exact observed values in discovery; unseen later values separate,4,0,2000,8.95267826680314,4.42411575856505,13.172881216548681,계산 가능,—,,1
C1Z001141,C,int8,13,False,35.85476271134243,58212,35.85476271134243,0,0.0,0.0,162355,32471,20.0,32471,20.0,0.0,0.0,0.0,0.0,2.0,8.0,12.0,12.0,12.0,quantiles,5,Q1: 0..1 (outer tails included); Q2: 1..4 (outer tails included); Q3: 4..10 (outer tails included); Q4: 10..12 (outer tails included),4,0,12641,2.2401681602947336,5.81791733036966,8.088765457186508,계산 가능,—,13.0,2
C1Z001175,C,int8,7,False,96.50272550891565,622,0.38311108373625696,0,0.0,0.0,162355,32471,20.0,32471,20.0,0.0,2.0,6.0,6.0,6.0,6.0,6.0,6.0,6.0,exact_categories,8,exact observed values in discovery; unseen later values separate,7,3,229,6.839274244002105,0.6395112699006611,38.50340136054422,해석 주의,작은 구간 존재,,1
C1Z001186,C,int8,7,False,44.20005543407964,48671,29.978134335252996,0,0.0,0.0,162355,32471,20.0,32471,20.0,0.0,0.0,0.0,0.0,5.0,6.0,6.0,6.0,6.0,exact_categories,8,exact observed values in discovery; unseen later values separate,7,0,3358,3.7880320088717916,1.8269048784984254,10.617114524768692,계산 가능,—,,1
C1Z001187,C,int8,13,False,39.0120415139663,39455,24.301684580086846,0,0.0,0.0,162355,32471,20.0,32471,20.0,0.0,0.0,0.0,1.0,9.0,12.0,12.0,12.0,12.0,quantiles,4,Q1: 0..5 (outer tails included); Q2: 5..11 (outer tails included); Q3: 11..12 (outer tails included),3,0,15643,2.3261838369328656,1.595938959630805,7.551517530906057,계산 가능,—,,1
C1Z001189,C,int8,10,False,24.181577407532874,11,0.0067752764004804285,0,0.0,0.0,162355,32471,20.0,32471,20.0,0.0,1.0,1.0,2.0,3.0,4.0,6.0,8.0,9.0,exact_categories,11,exact observed values in discovery; unseen later values separate,10,2,5,17.761205767824652,1.539955381892688,21.73913043478261,해석 주의,작은 구간 존재,,1
C1Z001205,C,int8,13,False,35.85476271134243,58212,35.85476271134243,0,0.0,0.0,162355,32471,20.0,32471,20.0,0.0,0.0,0.0,0.0,2.0,8.0,12.0,12.0,12.0,quantiles,5,Q1: 0..1 (outer tails included); Q2: 1..4 (outer tails included); Q3: 4..10 (outer tails included); Q4: 10..12 (outer tails included),4,0,12641,2.2401681602947336,5.81791733036966,8.088765457186508,계산 가능,—,13.0,2
C1Z001221,C,int8,13,False,94.66108219642142,243,0.14967201502879493,0,0.0,0.0,162355,32471,20.0,32471,20.0,0.0,4.0,11.0,12.0,12.0,12.0,12.0,12.0,12.0,exact_categories,14,exact observed values in discovery; unseen later values separate,13,9,106,4.59604933110368,0.9999331039469594,32.10526315789474,해석 주의,작은 구간 존재,,1
C1Z001222,C,int8,13,False,94.0660897416156,384,0.2365187397985895,0,0.0,0.0,162355,32471,20.0,32471,20.0,0.0,4.0,11.0,12.0,12.0,12.0,12.0,12.0,12.0,exact_categories,14,exact observed values in discovery; unseen later values separate,13,9,146,6.949067835593012,0.8938497849694804,35.958188153310104,해석 주의,작은 구간 존재,,1
C1Z001267,C,int8,8,False,34.9456438052416,56736,34.9456438052416,0,0.0,0.0,162355,32471,20.0,32471,20.0,0.0,0.0,0.0,0.0,1.0,2.0,4.0,6.0,7.0,exact_categories,9,exact observed values in discovery; unseen later values separate,8,1,233,6.708602461419214,4.439416464165835,36.93181818181818,해석 주의,작은 구간 존재,,1
C1Z001297,C,int8,12,False,98.5020479812756,65,0.040035724184657076,0,0.0,0.0,162355,32471,20.0,32471,20.0,0.0,11.0,12.0,12.0,12.0,12.0,12.0,12.0,12.0,exact_categories,13,exact observed values in discovery; unseen later values separate,12,10,38,3.781776761071945,0.45284155504178303,33.54838709677419,해석 주의,작은 구간 존재,,1
C1Z001306,C,int8,7,False,65.00138585199102,105533,65.001385851991,0,0.0,0.0,162355,32471,20.0,32471,20.0,0.0,0.0,0.0,0.0,0.0,1.0,2.0,4.0,6.0,exact_categories,8,exact observed values in discovery; unseen later values separate,7,2,46,6.091744196217553,2.5892297319353275,17.225999853769103,해석 주의,작은 구간 존재,,1
C1Z001340,C,float32,999,False,5.630870623017461,470,0.28948908256598194,425,0.26177204274583477,0.17230897812750878,161930,32343,19.973445315877232,32471,20.0,0.0,1.899999976158142,8.645000123977734,29.899999618530273,53.099998474121094,75.9000015258789,100.0,100.0,100.0,quantiles,6,Q1: 0..25.1 (outer tails included); Q2: 25.1..44.200001 (outer tails included); Q3: 44.200001..62.200001 (outer tails included); Q4: 62.200001..80.900002 (outer tails included); Q5: 80.900002..100 (outer tails included),6,1,227,2.0660499549226663,1.278200585699199,17.959183673469386,해석 주의,작은 구간 존재,,1
C1Z001358,C,float32,1002,False,43.711619599026825,70968,43.711619599026825,399,0.24575775307197192,0.16468199836969116,161956,32348,19.973326088567266,32471,20.0,0.0,0.0,0.0,0.0,4.699999809265137,39.099998474121094,80.80000305175781,93.94500083923457,100.0,quantiles,4,Q1: 0..14.7 (outer tails included); Q2: 14.7..48.400002 (outer tails included); Q3: 48.400002..100 (outer tails included),4,1,210,1.6561041182095892,2.8037699832265783,17.220990391722097,해석 주의,작은 구간 존재,,1
C1Z001380,C,float32,972,False,43.914877891041236,60,0.03695605309352961,78,0.0480428690215885,0.05904156370787985,162277,32456,20.000369738163755,32471,20.0,0.0,8.600000381469727,22.100000381469727,64.80000305175781,96.19999694824219,100.0,100.0,100.0,100.0,quantiles,4,Q1: 0..55.799999 (outer tails included); Q2: 55.799999..87.599998 (outer tails included); Q3: 87.599998..100 (outer tails included),4,1,38,1.9627401207610555,2.91117367791367,9.912242590444606,해석 주의,작은 구간 존재,,1
C1Z001396,C,float32,951,False,34.95488281851498,41,0.025253302947245235,33,0.020325829201441287,0.02984115974095688,162322,32464,19.999753576225036,32471,20.0,0.0,12.100000381469727,28.0,71.69999694824219,94.5,100.0,100.0,100.0,100.0,quantiles,5,Q1: 0..64.199997 (outer tails included); Q2: 64.199997..89.300003 (outer tails included); Q3: 89.300003..98.599998 (outer tails included); Q4: 98.599998..100 (outer tails included),5,1,15,1.6629941520322211,4.5779025382251035,8.937052517616,해석 주의,작은 구간 존재,,1
C1Z001405,C,float32,1593,False,15.421145021711682,183,0.11271596193526531,25037,15.421145021711682,1.3839750165473204,137318,27623,20.1160809216563,32471,20.0,0.0,2.4000000953674316,6.699999809265137,20.600000381469727,42.0,72.5,98.9000015258789,109.5999984741211,493.5,quantiles,6,Q1: 0..16.9 (outer tails included); Q2: 16.9..31.9 (outer tails included); Q3: 31.9..51.400002 (outer tails included); Q4: 51.400002..77.5 (outer tails included); Q5: 77.5..493.5 (outer tails included),6,0,12406,11.108972380577514,5.594767155554329,8.675149282884089,계산 가능,—,,1
C1Z001426,C,float32,999,False,5.479966739552216,471,0.29010501678420747,364,0.22420005543407964,0.14958361666917075,161991,32371,19.98320894370675,32471,20.0,0.0,1.899999976158142,8.600000381469727,29.700000762939453,52.900001525878906,75.5999984741211,100.0,100.0,100.0,quantiles,6,Q1: 0..25 (outer tails included); Q2: 25..44 (outer tails included); Q3: 44..62 (outer tails included); Q4: 62..80.5 (outer tails included); Q5: 80.5..100 (outer tails included),6,1,193,2.1893174806949856,1.4856146217291755,22.10857592446892,해석 주의,작은 구간 존재,,1
C1Z001464,C,int16,8678,False,65.27547657910135,105978,65.27547657910135,0,0.0,0.0,162355,32471,20.0,32471,20.0,0.0,0.0,0.0,0.0,0.0,152.0,3940.2999999999884,9252.0,26928.0,dominant_atom_plus_nonatom_quantiles,6,non-atom Q1: 1..113 (outer tails included); non-atom Q2: 113..703 (outer tails included); non-atom Q3: 703..2318 (outer tails included); non-atom Q4: 2318..26928 (outer tails included),5,0,6947,5.405392120441449,2.312165626324436,8.983786285715208,계산 가능,—,,1
C1Z001474,C,float32,998,False,3.036555695851683,320,0.19709894983215792,243,0.14967201502879493,0.12704821564702337,162112,32395,19.983098105013816,32471,20.0,0.0,2.5,9.300000190734863,30.100000381469727,52.29999923706055,73.5999984741211,95.9000015258789,100.0,100.0,quantiles,6,Q1: 0..25.4 (outer tails included); Q2: 25.4..43.900002 (outer tails included); Q3: 43.900002..60.700001 (outer tails included); Q4: 60.700001..78.099998 (outer tails included); Q5: 78.099998..100 (outer tails included),6,1,134,1.9042358914745177,1.4784820703667156,7.179410419418332,해석 주의,작은 구간 존재,,1
TS_RECENT_CPS001,TS_,float32,43,False,83.34267500230975,135311,83.34267500230975,0,0.0,0.0,162355,32471,20.0,32471,20.0,0.0,0.0,0.0,0.0,0.0,0.0,4.0,10.0,14.0,dominant_atom_plus_nonatom_quantiles,6,non-atom Q1: 0.33333334..1 (outer tails included); non-atom Q2: 1..2 (outer tails included); non-atom Q3: 2..5 (outer tails included); non-atom Q4: 5..14 (outer tails included),5,0,2582,42.94251043274786,3.161560365135452,11.501976284584984,계산 가능,—,,1
TS_MOMENTUM_CPS001,TS_,float32,664,False,83.34267500230975,135311,83.34267500230975,0,0.0,0.0,162355,32471,20.0,32471,20.0,0.0,0.0,0.0,0.0,0.0,0.0,0.8333333134651184,1.0126582384109497,7.75,dominant_atom_plus_nonatom_quantiles,6,non-atom Q1: 0.11111111..0.5 (outer tails included); non-atom Q2: 0.5..0.75 (outer tails included); non-atom Q3: 0.75..0.8888889 (outer tails included); non-atom Q4: 0.8888889..7.75 (outer tails included),5,0,2713,36.03986915510657,3.161560365135452,10.481534056942365,계산 가능,—,,1
TS_VOLATILITY_CPS001,TS_,float32,1410,False,85.97702565366019,139588,85.97702565366019,0,0.0,0.0,162355,32471,20.0,32471,20.0,0.0,0.0,0.0,0.0,0.0,0.0,0.8793937563896179,2.059126138687134,7.049349784851074,dominant_atom_plus_nonatom_quantiles,6,non-atom Q1: 0.2..0.47609523 (outer tails included); non-atom Q2: 0.47609523..0.74610096 (outer tails included); non-atom Q3: 0.74610096..1.274101 (outer tails included); non-atom Q4: 1.274101..7.0493498 (outer tails included),5,0,2533,39.96329736946337,2.8418927208790357,16.108411857086764,계산 가능,—,,1
TS_MAX_IN_3M_FLAG_CPS001,TS_,Int32,2,False,96.76696128853438,5249,3.2330387114656154,0,0.0,0.0,162355,32471,20.0,32471,20.0,0.0,0.0,1.0,1.0,1.0,1.0,1.0,1.0,1.0,exact_categories,3,exact observed values in discovery; unseen later values separate,2,0,1996,8.864918298965021,2.708660773551874,13.2685745662775,계산 가능,—,,1
TS_TOTAL_SLOPE_CPS001,TS_,float32,958,False,86.03307566751872,139679,86.03307566751872,0,0.0,0.0,162355,32471,20.0,32471,20.0,-0.5584615468978882,-0.04384615272283554,0.0,0.0,0.0,0.0,0.09076923131942749,0.2469230741262436,0.8276923298835754,dominant_atom_plus_nonatom_quantiles,6,non-atom Q1: -0.33076924..0.041538462 (outer tails included); non-atom Q2: 0.041538462..0.069230773 (outer tails included); non-atom Q3: 0.069230773..0.14769231 (outer tails included); non-atom Q4: 0.14769231..0.82769233 (outer tails included),5,0,2862,39.71184740034231,3.9951246812933223,18.49387410223912,계산 가능,—,,1
TS_RECENT_CPS002,TS_,float32,11574,False,78.26922484678637,127074,78.26922484678636,0,0.0,0.0,162355,32471,20.0,32471,20.0,0.0,0.0,0.0,0.0,0.0,0.0,2164.0,5035.533408203098,18575.333984375,dominant_atom_plus_nonatom_quantiles,6,non-atom Q1: 0.33333334..406.66666 (outer tails included); non-atom Q2: 406.66666..1000 (outer tails included); non-atom Q3: 1000..2037.1667 (outer tails included); non-atom Q4: 2037.1667..18575.334 (outer tails included),5,0,4208,12.637165225433034,3.583941604745333,9.285345050400618,계산 가능,—,,1
TS_MOMENTUM_CPS002,TS_,float32,31276,False,78.26922484678637,127074,78.26922484678636,0,0.0,0.0,162355,32471,20.0,32471,20.0,0.0,0.0,0.0,0.0,0.0,0.0,1.1606023550033564,251.63999725341253,18575.333984375,dominant_atom_plus_nonatom_quantiles,6,non-atom Q1: 0.010131332..0.79342625 (outer tails included); non-atom Q2: 0.79342625..0.91483003 (outer tails included); non-atom Q3: 0.91483003..1.1184431 (outer tails included); non-atom Q4: 1.1184431..18575.334 (outer tails included),5,0,4235,17.594672307586006,3.583941604745333,7.861660728099345,계산 가능,—,,1
TS_VOLATILITY_CPS002,TS_,float32,46376,False,68.93043023005143,111912,68.93043023005143,0,0.0,0.0,162355,32471,20.0,32471,20.0,0.0,0.0,0.0,0.0,0.0,145.20376586914062,1037.286450195312,2391.7168505859368,9672.8623046875,dominant_atom_plus_nonatom_quantiles,6,non-atom Q1: 0.2..184.16753 (outer tails included); non-atom Q2: 184.16753..403.00998 (outer tails included); non-atom Q3: 403.00998..792.91339 (outer tails included); non-atom Q4: 792.91339..9672.8623 (outer tails included),5,0,6147,11.472149652753446,4.288124863416831,8.628216344751777,계산 가능,—,,1
TS_MAX_IN_3M_FLAG_CPS002,TS_,Int32,2,False,72.85639493702072,44069,27.143605062979272,0,0.0,0.0,162355,32471,20.0,32471,20.0,0.0,0.0,0.0,0.0,1.0,1.0,1.0,1.0,1.0,exact_categories,3,exact observed values in discovery; unseen later values separate,2,0,21469,4.390254534463509,3.3743279973360907,5.954863525700837,계산 가능,—,,1
TS_TOTAL_SLOPE_CPS002,TS_,float32,42607,False,68.94459671707061,111935,68.94459671707061,0,0.0,0.0,162355,32471,20.0,32471,20.0,-1129.769287109375,-183.11986114501954,-62.31846237182617,0.0,0.0,0.0,47.54246177673336,144.99897827148402,1120.2015380859375,dominant_atom_plus_nonatom_quantiles,6,non-atom Q1: -1129.7693..-38.639424 (outer tails included); non-atom Q2: -38.639424..-8.4192309 (outer tails included); non-atom Q3: -8.4192309..23.848076 (outer tails included); non-atom Q4: 23.848076..1080.5061 (outer tails included),5,0,6145,14.100112470257747,4.313060446493877,8.146965685960485,계산 가능,—,,1
TS_RECENT_CPS003,TS_,float32,21,False,77.4198515598534,125695,77.41985155985341,0,0.0,0.0,162355,32471,20.0,32471,20.0,0.0,0.0,0.0,0.0,0.0,0.0,1.6666666269302368,3.0,6.666666507720947,dominant_atom_plus_nonatom_quantiles,4,non-atom Q1: 0.33333334..1 (outer tails included); non-atom Q2: 1..6.6666665 (outer tails included),3,0,4270,5.647550614609265,4.166464700203698,8.00214319201661,계산 가능,—,,1
TS_MOMENTUM_CPS003,TS_,float32,268,False,77.4198515598534,125695,77.41985155985341,0,0.0,0.0,162355,32471,20.0,32471,20.0,0.0,0.0,0.0,0.0,0.0,0.0,0.6666666865348816,0.9230769276618958,3.4285714626312256,dominant_atom_plus_nonatom_quantiles,5,non-atom Q1: 0.051282052..0.5 (outer tails included); non-atom Q2: 0.5..0.66666669 (outer tails included); non-atom Q3: 0.66666669..3.4285715 (outer tails included),4,0,2656,9.059894369018004,4.166464700203698,10.028463368035247,계산 가능,—,,1
TS_VOLATILITY_CPS003,TS_,float32,538,False,72.40799482615256,117558,72.40799482615256,0,0.0,0.0,162355,32471,20.0,32471,20.0,0.0,0.0,0.0,0.0,0.0,0.2768874764442444,0.6531972885131836,1.1430952548980713,2.9860787391662598,dominant_atom_plus_nonatom_quantiles,6,non-atom Q1: 0.2..0.37416574 (outer tails included); non-atom Q2: 0.37416574..0.47609523 (outer tails included); non-atom Q3: 0.47609523..0.50990194 (outer tails included); non-atom Q4: 0.50990194..2.9154758 (outer tails included),5,0,5041,8.565898742533374,4.425862337786024,8.67965367965368,계산 가능,—,,1
TS_MAX_IN_3M_FLAG_CPS003,TS_,Int32,2,False,84.45320439777032,25241,15.546795602229682,0,0.0,0.0,162355,32471,20.0,32471,20.0,0.0,0.0,0.0,1.0,1.0,1.0,1.0,1.0,1.0,exact_categories,3,exact observed values in discovery; unseen later values separate,2,0,12510,4.646798958710008,2.056282799978809,6.544403904081488,계산 가능,—,,1
TS_TOTAL_SLOPE_CPS003,TS_,float32,624,False,72.59708663114779,117865,72.59708663114779,0,0.0,0.0,162355,32471,20.0,32471,20.0,-0.35769230127334595,-0.10615384578704834,-0.05538461357355118,0.0,0.0,0.0,0.048461537808179855,0.08769230544567108,0.35615384578704834,dominant_atom_plus_nonatom_quantiles,6,non-atom Q1: -0.33076924..-0.048461538 (outer tails included); non-atom Q2: -0.048461538..-0.0092307692 (outer tails included); non-atom Q3: -0.0092307692..0.03846154 (outer tails included); non-atom Q4: 0.03846154..0.35615385 (outer tails included),5,0,4986,9.823922152257044,4.359496254332395,7.912234042553191,계산 가능,—,,1
TS_RECENT_CPS004,TS_,float32,18985,False,12.948169135536325,21022,12.948169135536325,0,0.0,0.0,162355,32471,20.0,32471,20.0,0.0,0.0,0.0,333.3333435058594,1073.3333740234375,2185.333251953125,4423.33349609375,9802.893359374979,29395.333984375,quantiles,6,Q1: 0..206.33333 (outer tails included); Q2: 206.33333..754.33331 (outer tails included); Q3: 754.33331..1462.3334 (outer tails included); Q4: 1462.3334..2489.3333 (outer tails included); Q5: 2489.3333..29395.334 (outer tails included),5,0,16177,7.101644460332826,1.9596591203195513,9.405188449564125,계산 가능,—,,1
TS_MOMENTUM_CPS004,TS_,float32,129222,False,12.948169135536325,21022,12.948169135536325,0,0.0,0.0,162355,32471,20.0,32471,20.0,0.0,0.0,0.0,0.6787330508232117,0.935978889465332,1.2173333764076233,6.253327178954993,666.6666870117188,19562.0,quantiles,6,Q1: 0..0.5267453 (outer tails included); Q2: 0.5267453..0.86407133 (outer tails included); Q3: 0.86407133..1.0131907 (outer tails included); Q4: 1.0131907..1.3967968 (outer tails included); Q5: 1.3967968..17266.666 (outer tails included),5,0,16180,8.595516999481074,2.6228022926574805,8.621109272255804,계산 가능,—,,1
TS_VOLATILITY_CPS004,TS_,float32,145291,False,6.499337870715408,10552,6.499337870715408,0,0.0,0.0,162355,32471,20.0,32471,20.0,0.0,0.0,0.0,213.67115020751953,441.44500732421875,790.6083068847656,1691.2651855468744,3352.9071630859335,15481.2802734375,quantiles,6,Q1: 0..170.53743 (outer tails included); Q2: 170.53743..346.67104 (outer tails included); Q3: 346.67104..556.60385 (outer tails included); Q4: 556.60385..907.31688 (outer tails included); Q5: 907.31688..15481.28 (outer tails included),5,0,16180,9.460760224130164,1.8936392987775301,7.126844623852499,계산 가능,—,,1
TS_MAX_IN_3M_FLAG_CPS004,TS_,Int32,2,False,72.82806196298235,118240,72.82806196298236,0,0.0,0.0,162355,32471,20.0,32471,20.0,0.0,0.0,0.0,0.0,0.0,1.0,1.0,1.0,1.0,exact_categories,3,exact observed values in discovery; unseen later values separate,2,0,22487,7.445406053836493,2.2099824497232134,6.622299610797306,계산 가능,—,,1
TS_TOTAL_SLOPE_CPS004,TS_,float32,113181,False,6.517815897262172,10582,6.517815897262173,0,0.0,0.0,162355,32471,20.0,32471,20.0,-1809.8492431640625,-270.2164514160156,-123.05069427490234,-25.554615020751953,2.7084615230560303,34.20038414001465,110.84661560058592,203.25322998046863,1779.3338623046875,quantiles,6,Q1: -1809.8492..-36.591385 (outer tails included); Q2: -36.591385..-0.26323078 (outer tails included); Q3: -0.26323078..13.230769 (outer tails included); Q4: 13.230769..45.474461 (outer tails included); Q5: 45.474461..1779.3339 (outer tails included),5,0,16176,11.586754719803302,2.8605704774337495,8.442120593981139,계산 가능,—,,1
TS_RECENT_CPS005,TS_,float32,22,False,61.80653506205537,100346,61.806535062055374,0,0.0,0.0,162355,32471,20.0,32471,20.0,0.0,0.0,0.0,0.0,0.0,1.0,2.0,4.0,7.0,dominant_atom_plus_nonatom_quantiles,5,non-atom Q1: 0.33333334..1 (outer tails included); non-atom Q2: 1..2 (outer tails included); non-atom Q3: 2..7 (outer tails included),4,0,2892,9.259914050358468,4.39006986996816,7.140543750112457,계산 가능,—,,1
TS_MOMENTUM_CPS005,TS_,float32,328,False,61.80653506205537,100346,61.806535062055374,0,0.0,0.0,162355,32471,20.0,32471,20.0,0.0,0.0,0.0,0.0,0.0,0.5,0.75,1.0,3.4285714626312256,dominant_atom_plus_nonatom_quantiles,5,non-atom Q1: 0.051282052..0.5 (outer tails included); non-atom Q2: 0.5..0.66666669 (outer tails included); non-atom Q3: 0.66666669..3.4285715 (outer tails included),4,0,5487,10.277672357999231,4.39006986996816,7.0058375103248665,계산 가능,—,,1
TS_VOLATILITY_CPS005,TS_,float32,576,False,62.00609774876044,100670,62.00609774876043,0,0.0,0.0,162355,32471,20.0,32471,20.0,0.0,0.0,0.0,0.0,0.0,0.4358898997306824,0.800000011920929,1.2423096895217896,3.2274861335754395,dominant_atom_plus_nonatom_quantiles,6,non-atom Q1: 0.2..0.37416574 (outer tails included); non-atom Q2: 0.37416574..0.47609523 (outer tails included); non-atom Q3: 0.47609523..0.5228129 (outer tails included); non-atom Q4: 0.5228129..3.0072136 (outer tails included),5,0,7439,10.186936281101941,4.842891449066622,7.227241287124929,계산 가능,—,,1
TS_MAX_IN_3M_FLAG_CPS005,TS_,Int32,2,False,81.03969696036464,30783,18.960303039635367,0,0.0,0.0,162355,32471,20.0,32471,20.0,0.0,0.0,0.0,1.0,1.0,1.0,1.0,1.0,1.0,exact_categories,3,exact observed values in discovery; unseen later values separate,2,0,15171,3.049844543256994,2.158060909541315,7.120528300412246,계산 가능,—,,1
TS_TOTAL_SLOPE_CPS005,TS_,float32,654,False,62.24877583074127,101064,62.24877583074127,0,0.0,0.0,162355,32471,20.0,32471,20.0,-0.3769230842590332,-0.11153846234083176,-0.057692307978868484,0.0,0.0,0.0,0.05923077091574669,0.10846153646707535,0.3692307770252228,dominant_atom_plus_nonatom_quantiles,6,non-atom Q1: -0.33923078..-0.043846153 (outer tails included); non-atom Q2: -0.043846153..0.0069230767 (outer tails included); non-atom Q3: 0.0069230767..0.043846153 (outer tails included); non-atom Q4: 0.043846153..0.36923078 (outer tails included),5,0,7256,9.160355589918085,4.778819559021907,7.844570302480019,계산 가능,—,,1
TS_RECENT_CPS006,TS_,float32,31,False,21.38462012257091,12225,7.529795817806658,0,0.0,0.0,162355,32471,20.0,32471,20.0,0.0,0.0,0.0,1.0,2.0,3.0,5.0,7.0,10.0,quantiles,5,Q1: 0..1 (outer tails included); Q2: 1..2 (outer tails included); Q3: 2..3 (outer tails included); Q4: 3..10 (outer tails included),4,0,15664,4.33219568492513,2.48633710810221,8.030651422799075,계산 가능,—,,1
TS_MOMENTUM_CPS006,TS_,float32,678,False,15.492593391025839,12225,7.529795817806658,0,0.0,0.0,162355,32471,20.0,32471,20.0,0.0,0.0,0.0,0.5,0.6666666865348816,0.800000011920929,1.0,1.3333333730697632,6.333333492279053,quantiles,6,Q1: 0..0.5 (outer tails included); Q2: 0.5..0.625 (outer tails included); Q3: 0.625..0.72727275 (outer tails included); Q4: 0.72727275..0.83333331 (outer tails included); Q5: 0.83333331..6.3333335 (outer tails included),5,0,6091,6.41826455872439,1.5999036557057948,8.899291372770415,계산 가능,—,,1
TS_VOLATILITY_CPS006,TS_,float32,934,False,15.08114933325121,24485,15.08114933325121,0,0.0,0.0,162355,32471,20.0,32471,20.0,0.0,0.0,0.0,0.37416574358940125,0.5066227912902832,0.800000011920929,1.3253930807113647,1.8511258363723755,3.773592472076416,quantiles,6,Q1: 0..0.27688748 (outer tails included); Q2: 0.27688748..0.47609523 (outer tails included); Q3: 0.47609523..0.5859465 (outer tails included); Q4: 0.5859465..0.86602539 (outer tails included); Q5: 0.86602539..3.7735925 (outer tails included),5,0,15286,6.4750591298445235,1.6984854389153674,6.955827672119806,계산 가능,—,,1
TS_MAX_IN_3M_FLAG_CPS006,TS_,Int32,2,False,63.372855779002805,59466,36.627144220997195,0,0.0,0.0,162355,32471,20.0,32471,20.0,0.0,0.0,0.0,0.0,1.0,1.0,1.0,1.0,1.0,exact_categories,3,exact observed values in discovery; unseen later values separate,2,0,29784,2.154796208792431,2.3586248579234637,6.871077623063622,계산 가능,—,,1
TS_TOTAL_SLOPE_CPS006,TS_,float32,858,False,15.609004958270456,25342,15.609004958270457,0,0.0,0.0,162355,32471,20.0,32471,20.0,-0.44923076033592224,-0.16307692229747772,-0.0946153849363327,-0.017692307010293007,0.005384615156799555,0.05230769142508507,0.11769230663776398,0.18230769038200378,0.4361538589000702,quantiles,6,Q1: -0.44923076..-0.032307692 (outer tails included); Q2: -0.032307692..0 (outer tails included); Q3: 0..0.023076924 (outer tails included); Q4: 0.023076924..0.057692308 (outer tails included); Q5: 0.057692308..0.43615386 (outer tails included),5,0,9779,7.474831814708372,1.7716921051060819,8.433515069444939,계산 가능,—,,1
TS_RECENT_CPS007,TS_,float32,10803,False,0.6775276400480429,1100,0.6775276400480429,0,0.0,0.0,162355,32471,20.0,32471,20.0,0.0,2.6666667461395264,38.0,180.6666717529297,401.0,823.8333435058594,2052.333251953125,3846.639956054682,7527.0,quantiles,6,Q1: 0..145.66667 (outer tails included); Q2: 145.66667..302.66666 (outer tails included); Q3: 302.66666..528.33331 (outer tails included); Q4: 528.33331..969.66669 (outer tails included); Q5: 969.66669..7527 (outer tails included),5,0,16157,6.859192630861549,1.9705948445425143,7.687584314090339,계산 가능,—,,1
TS_MOMENTUM_CPS007,TS_,float32,143602,False,0.6775276400480429,1100,0.6775276400480429,0,0.0,0.0,162355,32471,20.0,32471,20.0,0.0,0.06630084201693534,0.3794263660907745,0.7824923694133759,1.0016059875488281,1.263626217842102,2.366095161437988,7.548055372238046,1155.3333740234375,quantiles,6,Q1: 0..0.71685834 (outer tails included); Q2: 0.71685834..0.92814077 (outer tails included); Q3: 0.92814077..1.0793651 (outer tails included); Q4: 1.0793651..1.3756464 (outer tails included); Q5: 1.3756464..1051.6666 (outer tails included),5,0,16179,5.097496422768116,3.773197361538605,7.355369221473939,계산 가능,—,,1
TS_VOLATILITY_CPS007,TS_,float32,156283,False,0.1786209232853931,290,0.1786209232853931,0,0.0,0.0,162355,32471,20.0,32471,20.0,0.0,10.585319995880127,31.044645309448246,84.61492156982422,153.5363006591797,274.6759948730469,643.3519104003906,1184.7376025390618,3571.036376953125,quantiles,6,Q1: 0..72.458997 (outer tails included); Q2: 72.458997..122.86408 (outer tails included); Q3: 122.86408..189.65511 (outer tails included); Q4: 189.65511..314.82158 (outer tails included); Q5: 314.82158..3571.0364 (outer tails included),5,0,16179,7.3975650454236455,1.4613008415349933,8.031940115613097,계산 가능,—,,1
TS_MAX_IN_3M_FLAG_CPS007,TS_,Int32,2,False,77.07431246342891,125134,77.07431246342891,0,0.0,0.0,162355,32471,20.0,32471,20.0,0.0,0.0,0.0,0.0,0.0,0.0,1.0,1.0,1.0,exact_categories,3,exact observed values in discovery; unseen later values separate,2,0,19299,6.44487751975826,4.491685520509295,6.827951684805846,계산 가능,—,,1
TS_TOTAL_SLOPE_CPS007,TS_,float32,73956,False,0.18293246281297157,297,0.18293246281297157,0,0.0,0.0,162355,32471,20.0,32471,20.0,-364.0807800292969,-65.26709457397462,-27.430461502075193,-3.7211538553237915,2.607692241668701,12.759230613708496,47.01938552856442,101.94250869750957,441.9738464355469,quantiles,6,Q1: -303.89539..-5.5727691 (outer tails included); Q2: -5.5727691..0.67307693 (outer tails included); Q3: 0.67307693..6.0555385 (outer tails included); Q4: 6.0555385..17.037846 (outer tails included); Q5: 17.037846..441.97385 (outer tails included),5,0,16176,10.6645171340117,4.489449924086869,7.968807856489127,계산 가능,—,,1
TS_RECENT_CPS008,TS_,float32,5077,False,0.8425980105324752,1368,0.8425980105324752,0,0.0,0.0,162355,32471,20.0,32471,20.0,0.0,1.0,22.0,92.66666412353516,177.3333282470703,307.0,678.0,1341.3333740234375,4473.66650390625,quantiles,6,Q1: 0..77 (outer tails included); Q2: 77..142 (outer tails included); Q3: 142..219.73334 (outer tails included); Q4: 219.73334..350.33334 (outer tails included); Q5: 350.33334..4473.6665 (outer tails included),5,0,16161,6.804380192502984,1.7308992683610107,7.872103375208901,계산 가능,—,,1
TS_MOMENTUM_CPS008,TS_,float32,123377,False,0.8425980105324752,1368,0.8425980105324752,0,0.0,0.0,162355,32471,20.0,32471,20.0,0.0,0.0391783358156681,0.4168658882379532,0.7906976938247681,1.0057330131530762,1.2813433408737183,2.3071122407913176,7.311965169906559,798.3333129882812,quantiles,6,Q1: 0..0.74451735 (outer tails included); Q2: 0.74451735..0.93492384 (outer tails included); Q3: 0.93492384..1.1108463 (outer tails included); Q4: 1.1108463..1.3987481 (outer tails included); Q5: 1.3987481..798.33331 (outer tails included),5,0,16179,5.235592224534543,3.540699413595055,7.553085415631166,계산 가능,—,,1
TS_VOLATILITY_CPS008,TS_,float32,153069,False,0.20264235779618736,329,0.20264235779618736,0,0.0,0.0,162355,32471,20.0,32471,20.0,0.0,7.77131908416748,20.90406723022461,49.709388732910156,81.7674560546875,136.4799346923828,355.26104431152277,786.5935034179687,2075.835693359375,quantiles,6,Q1: 0..43.351056 (outer tails included); Q2: 43.351056..67.586533 (outer tails included); Q3: 67.586533..98.257231 (outer tails included); Q4: 98.257231..156.66227 (outer tails included); Q5: 156.66227..2002.0853 (outer tails included),5,0,16180,9.232063364768262,1.6802460417596976,8.74747540111587,계산 가능,—,,1
TS_MAX_IN_3M_FLAG_CPS008,TS_,Int32,2,False,82.39721597733362,133776,82.39721597733362,0,0.0,0.0,162355,32471,20.0,32471,20.0,0.0,0.0,0.0,0.0,0.0,0.0,1.0,1.0,1.0,exact_categories,3,exact observed values in discovery; unseen later values separate,2,0,14674,3.20417843949673,2.595292214218328,8.218731358122888,계산 가능,—,,1
TS_TOTAL_SLOPE_CPS008,TS_,float32,38647,False,0.21619291059714824,351,0.21619291059714824,0,0.0,0.0,162355,32471,20.0,32471,20.0,-232.69923400878906,-19.63052360534668,-7.500230741500854,-1.0853846073150635,1.0938462018966675,4.360000133514404,14.211231136322004,32.00910652160642,247.27769470214844,quantiles,6,Q1: -231.77692..-1.5869231 (outer tails included); Q2: -1.5869231..0.37076923 (outer tails included); Q3: 0.37076923..2.244 (outer tails included); Q4: 2.244..5.6584616 (outer tails included); Q5: 5.6584616..216.62 (outer tails included),5,0,16177,9.952549178313008,6.065150293808458,6.966763266511013,계산 가능,—,,1
TS_RECENT_CPS009,TS_,float32,4014,False,52.2324535739583,84802,52.2324535739583,0,0.0,0.0,162355,32471,20.0,32471,20.0,0.0,0.0,0.0,0.0,0.0,106.33333587646484,593.3333129882812,1276.6666259765625,2648.0,dominant_atom_plus_nonatom_quantiles,6,non-atom Q1: 0.33333334..36.666668 (outer tails included); non-atom Q2: 36.666668..116.66666 (outer tails included); non-atom Q3: 116.66666..307.66666 (outer tails included); non-atom Q4: 307.66666..2648 (outer tails included),5,0,9460,2.69230570013044,3.197060026577514,8.495213375131204,계산 가능,—,,1
TS_MOMENTUM_CPS009,TS_,float32,43282,False,52.2324535739583,84802,52.2324535739583,0,0.0,0.0,162355,32471,20.0,32471,20.0,0.0,0.0,0.0,0.0,0.0,1.0560901761054993,12.392333984374961,133.3333282470703,2648.0,dominant_atom_plus_nonatom_quantiles,6,non-atom Q1: 0.00073394494..0.74245939 (outer tails included); non-atom Q2: 0.74245939..1.1298751 (outer tails included); non-atom Q3: 1.1298751..2.5 (outer tails included); non-atom Q4: 2.5..2648 (outer tails included),5,0,9569,4.017261109505169,3.224855760286628,8.188682609919457,계산 가능,—,,1
TS_VOLATILITY_CPS009,TS_,float32,78509,False,28.216562471128082,45811,28.216562471128082,0,0.0,0.0,162355,32471,20.0,32471,20.0,0.0,0.0,0.0,0.0,39.923553466796875,120.52178192138672,364.46343994140625,703.7633557128906,1281.3011474609375,quantiles,5,Q1: 0..18.964441 (outer tails included); Q2: 18.964441..62.406731 (outer tails included); Q3: 62.406731..146.49801 (outer tails included); Q4: 146.49801..1273.5464 (outer tails included),4,0,16180,0.9393733391014153,3.4454900869797687,7.799211121974739,계산 가능,—,,1
TS_MAX_IN_3M_FLAG_CPS009,TS_,Int32,2,False,57.408764743925346,93206,57.408764743925346,0,0.0,0.0,162355,32471,20.0,32471,20.0,0.0,0.0,0.0,0.0,0.0,1.0,1.0,1.0,1.0,exact_categories,3,exact observed values in discovery; unseen later values separate,2,0,35110,2.8970008767861763,5.062430109651883,7.517989473034131,계산 가능,—,,1
TS_TOTAL_SLOPE_CPS009,TS_,float32,34795,False,28.538696067260016,46334,28.538696067260016,0,0.0,0.0,162355,32471,20.0,32471,20.0,-131.36538696289062,-30.547446098327637,-10.796615505218504,-0.3076923191547394,0.0,1.707692265510559,15.7384614944458,42.022461624145386,152.5246124267578,quantiles,6,Q1: -131.36539..-0.93076921 (outer tails included); Q2: -0.93076921..0 (outer tails included); Q3: 0..0.059230771 (outer tails included); Q4: 0.059230771..2.8058461 (outer tails included); Q5: 2.8058461..146.60307 (outer tails included),5,0,1008,7.284610506686584,3.851880623822418,9.5472655003877,계산 가능,—,,1
TS_RECENT_CPS010,TS_,float32,5447,False,69.35788857749992,112606,69.35788857749992,0,0.0,0.0,162355,32471,20.0,32471,20.0,0.0,0.0,0.0,0.0,0.0,21.0,675.4333251953086,1573.6133520507703,3223.333251953125,dominant_atom_plus_nonatom_quantiles,6,non-atom Q1: 0.33333334..36.666668 (outer tails included); non-atom Q2: 36.666668..162 (outer tails included); non-atom Q3: 162..456 (outer tails included); non-atom Q4: 456..3223.3333 (outer tails included),5,0,6140,4.981473485698454,2.172477999264133,9.785909305365415,계산 가능,—,,1
TS_MOMENTUM_CPS010,TS_,float32,37969,False,69.35788857749992,112606,69.35788857749992,0,0.0,0.0,162355,32471,20.0,32471,20.0,0.0,0.0,0.0,0.0,0.0,0.7368420958518982,3.3333332538604736,31.66666603088379,1740.6666259765625,dominant_atom_plus_nonatom_quantiles,6,non-atom Q1: 0.00041623309..0.86448324 (outer tails included); non-atom Q2: 0.86448324..1.1079353 (outer tails included); non-atom Q3: 1.1079353..2 (outer tails included); non-atom Q4: 2..1586.6666 (outer tails included),5,0,6146,7.871629525854868,2.172477999264133,10.11934082665353,계산 가능,—,,1
TS_VOLATILITY_CPS010,TS_,float32,56809,False,54.099966123617996,87834,54.099966123617996,0,0.0,0.0,162355,32471,20.0,32471,20.0,0.0,0.0,0.0,0.0,0.0,36.79900360107422,226.9858459472649,475.96022094726544,1505.28173828125,dominant_atom_plus_nonatom_quantiles,6,non-atom Q1: 0.2..12.420145 (outer tails included); non-atom Q2: 12.420145..42.934914 (outer tails included); non-atom Q3: 42.934914..117.04647 (outer tails included); non-atom Q4: 117.04647..1476.1284 (outer tails included),5,0,9253,4.575125512118921,2.342868046712032,8.935918564109464,계산 가능,—,,1
TS_MAX_IN_3M_FLAG_CPS010,TS_,Int32,2,False,66.08050260232207,55070,33.91949739767793,0,0.0,0.0,162355,32471,20.0,32471,20.0,0.0,0.0,0.0,0.0,1.0,1.0,1.0,1.0,1.0,exact_categories,3,exact observed values in discovery; unseen later values separate,2,0,27046,0.7203635659683627,3.7296845176739146,7.494121802971986,계산 가능,—,,1
TS_TOTAL_SLOPE_CPS010,TS_,float32,31897,False,54.33094145545255,88209,54.33094145545256,0,0.0,0.0,162355,32471,20.0,32471,20.0,-172.3392333984375,-25.576015014648437,-5.706153869628906,0.0,0.0,0.07538461685180664,15.254307651519758,42.94761466979971,185.1769256591797,dominant_atom_plus_nonatom_quantiles,6,non-atom Q1: -163.36076..-0.53153849 (outer tails included); non-atom Q2: -0.53153849..0.20538461 (outer tails included); non-atom Q3: 0.20538461..4.5194231 (outer tails included); non-atom Q4: 4.5194231..178.41461 (outer tails included),5,0,9201,6.078067612661381,2.3513087124895637,7.885891630231107,계산 가능,—,,1
TS_RECENT_CPS011,TS_,float32,3571,False,17.297280650426533,279,0.1718456468849127,28083,17.297280650426533,1.6413056149059053,134272,27036,20.135247855100094,32471,20.0,0.0,0.6666666865348816,2.7333333492279053,10.399999618530273,23.5,47.233333587646484,83.5,96.9000015258789,252.39999389648438,quantiles,6,Q1: 0..8.3000002 (outer tails included); Q2: 8.3000002..17.033333 (outer tails included); Q3: 17.033333..30.166666 (outer tails included); Q4: 30.166666..52.599998 (outer tails included); Q5: 52.599998..252.39999 (outer tails included),6,0,13362,9.726129934570235,3.726311823973119,9.163198368291944,계산 가능,—,,1
TS_MOMENTUM_CPS011,TS_,float32,110970,False,18.27292045209572,249,0.15336762033814788,29667,18.27292045209572,1.615066564989645,132688,26616,20.05908597612444,32471,20.0,0.0,0.1332669289410115,0.36715480834245684,0.7234042286872864,0.9413249492645264,1.1296474933624268,1.7531789541244505,2.9652565646171607,38.69767379760742,quantiles,6,Q1: 0..0.65530733 (outer tails included); Q2: 0.65530733..0.85437393 (outer tails included); Q3: 0.85437393..0.9965305 (outer tails included); Q4: 0.9965305..1.188036 (outer tails included); Q5: 1.188036..36.866665 (outer tails included),6,0,13235,4.191773920149772,2.7117264675596027,8.289045214310391,계산 가능,—,,1
TS_VOLATILITY_CPS011,TS_,float32,131397,False,15.214191124387916,93,0.057281882294970894,24701,15.214191124387916,1.6937837147384227,137654,27622,20.06625306928967,32471,20.0,0.0,0.7869916981458663,1.8227968275547028,4.8230754137039185,8.644596576690674,13.728415727615356,22.857064151763915,30.26761102676392,74.7411880493164,quantiles,6,Q1: 0..4.101638 (outer tails included); Q2: 4.101638..6.9885798 (outer tails included); Q3: 6.9885798..10.329415 (outer tails included); Q4: 10.329415..15.072393 (outer tails included); Q5: 15.072393..64.770981 (outer tails included),6,0,12283,12.933547070824833,3.204183727482182,9.175222403422012,계산 가능,—,,1
TS_MAX_IN_3M_FLAG_CPS011,TS_,Int32,3,False,69.707739213452,113174,69.707739213452,24071,14.826152566905854,1.6718732245002892,138284,27774,20.084753116774177,32471,20.0,0.0,0.0,0.0,0.0,0.0,0.0,1.0,1.0,1.0,exact_categories,3,exact observed values in discovery; unseen later values separate,3,0,11935,4.6277251308572,3.061821404131726,6.801923846914072,계산 가능,—,,1
TS_TOTAL_SLOPE_CPS011,TS_,float32,59543,False,15.214191124387916,106,0.06528902713190231,24701,15.214191124387916,1.6937837147384227,137654,27622,20.06625306928967,32471,20.0,-105.69999694824219,-3.8494490599632263,-1.7290269255638122,-0.36938461661338806,0.041208792477846146,0.5230000019073486,1.8873884201049784,3.7958054089546205,77.80000305175781,quantiles,6,Q1: -91.599998..-0.53532308 (outer tails included); Q2: -0.53532308..-0.079671039 (outer tails included); Q3: -0.079671039..0.17584616 (outer tails included); Q4: 0.17584616..0.67684615 (outer tails included); Q5: 0.67684615..69.400002 (outer tails included),6,0,12283,9.564015966753528,2.2625847229070297,8.320570391958604,계산 가능,—,,1
TS_RECENT_CPS012,TS_,float32,2695,False,17.297280650426533,346,0.21311323950602076,28083,17.297280650426533,1.6413056149059053,134272,27036,20.135247855100094,32471,20.0,0.0,0.4333333373069763,1.7000000476837158,5.099999904632568,9.466666221618652,16.566667556762695,34.766666412353516,57.309665756225854,141.8000030517578,quantiles,6,Q1: 0..4.2666669 (outer tails included); Q2: 4.2666669..7.4666667 (outer tails included); Q3: 7.4666667..11.5 (outer tails included); Q4: 11.5..18.4 (outer tails included); Q5: 18.4..141.10001 (outer tails included),6,0,13337,10.057655642137753,4.43715721778466,10.198275363036132,계산 가능,—,,1
TS_MOMENTUM_CPS012,TS_,float32,84826,False,18.27292045209572,318,0.19586708139570694,29667,18.27292045209572,1.615066564989645,132688,26616,20.05908597612444,32471,20.0,0.0,0.1382622526586056,0.3714007705450058,0.6809269189834595,0.8782161474227905,1.0996635854244232,1.6837677955627435,2.854338951110846,61.400001525878906,quantiles,6,Q1: 0..0.6295082 (outer tails included); Q2: 0.6295082..0.803643 (outer tails included); Q3: 0.803643..0.95535713 (outer tails included); Q4: 0.95535713..1.1677819 (outer tails included); Q5: 1.1677819..61.400002 (outer tails included),6,0,13233,5.122393472348142,1.9545137761071167,9.053014170387685,계산 가능,—,,1
TS_VOLATILITY_CPS012,TS_,float32,125386,False,15.214191124387916,81,0.04989067167626497,24701,15.214191124387916,1.6937837147384227,137654,27622,20.06625306928967,32471,20.0,0.0,0.565317890048027,1.1532750487327577,2.678250253200531,4.6928136348724365,8.104736566543579,17.813188743591308,29.33645761489869,83.79215240478516,quantiles,6,Q1: 0..2.2986323 (outer tails included); Q2: 2.2986323..3.784588 (outer tails included); Q3: 3.784588..5.7212276 (outer tails included); Q4: 5.7212276..9.1442923 (outer tails included); Q5: 9.1442923..83.792152 (outer tails included),6,0,12283,15.338093850189447,3.111109300814305,10.444120674473112,계산 가능,—,,1
TS_MAX_IN_3M_FLAG_CPS012,TS_,Int32,3,False,72.00578978165132,116905,72.00578978165132,24071,14.826152566905854,1.6718732245002892,138284,27774,20.084753116774177,32471,20.0,0.0,0.0,0.0,0.0,0.0,0.0,1.0,1.0,1.0,exact_categories,3,exact observed values in discovery; unseen later values separate,3,0,10556,2.6714109027790895,1.6718732245002892,8.666811775589053,계산 가능,—,,1
TS_TOTAL_SLOPE_CPS012,TS_,float32,40638,False,15.214191124387916,114,0.07021650087770626,24701,15.214191124387916,1.6937837147384227,137654,27622,20.06625306928967,32471,20.0,-118.5,-3.13916330575943,-0.9538730889558792,-0.15623076260089874,0.007153846323490143,0.1588461548089981,0.7065653711557381,2.14323828458786,84.19999694824219,quantiles,6,Q1: -118.5..-0.23338461 (outer tails included); Q2: -0.23338461..-0.045153845 (outer tails included); Q3: -0.045153845..0.048846155 (outer tails included); Q4: 0.048846155..0.20223916 (outer tails included); Q5: 0.20223916..73.5 (outer tails included),6,0,12283,9.919312916833768,3.086695781007662,9.505371808761229,계산 가능,—,,1
TS_RECENT_CPS013,TS_,float32,4321,False,42.0609158941825,68288,42.0609158941825,28214,17.377968033014074,1.6766036135530045,134141,27014,20.138510969800432,32471,20.0,0.0,0.0,0.0,0.0,0.0,23.866666793823242,87.06666564941406,112.18666381835956,322.1000061035156,dominant_atom_plus_nonatom_quantiles,6,non-atom Q1: 0.033333335..7.4000001 (outer tails included); non-atom Q2: 7.4000001..23.433332 (outer tails included); non-atom Q3: 23.433332..57.200001 (outer tails included); non-atom Q4: 57.200001..322.10001 (outer tails included),6,0,8128,7.7081132149267955,3.4632825700012084,9.572801007953384,계산 가능,—,,1
TS_MOMENTUM_CPS013,TS_,float32,52621,False,41.409257491299925,67230,41.40925749129993,29840,18.379477071848726,1.63320079223723,132515,26574,20.053578840131305,32471,20.0,0.0,0.0,0.0,0.0,0.0,1.016852080821991,4.5333333015441895,20.0,295.70001220703125,dominant_atom_plus_nonatom_quantiles,6,non-atom Q1: 0.0017142857..0.68508747 (outer tails included); non-atom Q2: 0.68508747..1.0416529 (outer tails included); non-atom Q3: 1.0416529..1.8203764 (outer tails included); non-atom Q4: 1.8203764..258.13333 (outer tails included),6,0,8062,4.6018357727611034,3.302505460497734,8.344640850734631,계산 가능,—,,1
TS_VOLATILITY_CPS013,TS_,float32,85337,False,23.539773952141914,38218,23.53977395214191,24822,15.2887191647932,1.7264911094930087,137533,27594,20.063548384751297,32471,20.0,0.0,0.0,0.0,0.0,8.136486053466797,22.82438087463379,44.06872406005858,66.736421508789,227.75909423828125,quantiles,5,Q1: 0..3.6833065 (outer tails included); Q2: 3.6833065..12.523148 (outer tails included); Q3: 12.523148..25.685703 (outer tails included); Q4: 25.685703..164.86197 (outer tails included),5,0,12331,6.313005047490927,4.6220683924751285,9.506768098860675,계산 가능,—,,1
TS_MAX_IN_3M_FLAG_CPS013,TS_,Int32,3,False,50.75790705552647,82408,50.757907055526466,24170,14.887130054510179,1.6879568972035075,138185,27751,20.08249810037269,32471,20.0,0.0,0.0,0.0,0.0,0.0,1.0,1.0,1.0,1.0,exact_categories,3,exact observed values in discovery; unseen later values separate,3,0,11979,3.2210161371975827,4.367012124589021,7.326866143357478,계산 가능,—,,1
TS_TOTAL_SLOPE_CPS013,TS_,float32,52880,False,23.67835915124265,38443,23.67835915124265,24822,15.2887191647932,1.7264911094930087,137533,27594,20.063548384751297,32471,20.0,-222.0,-4.346363544464111,-1.8359846353530884,-0.07707691937685013,0.0,0.3313846290111542,2.638276958465572,5.610928764343259,322.1000061035156,quantiles,6,Q1: -222..-0.22371805 (outer tails included); Q2: -0.22371805..0 (outer tails included); Q3: 0..7.6923076e-05 (outer tails included); Q4: 7.6923076e-05..0.50806153 (outer tails included); Q5: 0.50806153..205 (outer tails included),6,1,43,6.625252071932722,4.193926552683497,9.627417253712759,해석 주의,작은 구간 존재,,1
TS_RECENT_APS002,TS_,float32,19,False,69.56976994856949,112950,69.56976994856949,0,0.0,0.0,162355,32471,20.0,32471,20.0,0.0,0.0,0.0,0.0,0.0,1.0,1.0,2.0,6.0,dominant_atom_plus_nonatom_quantiles,4,non-atom Q1: 0.33333334..1 (outer tails included); non-atom Q2: 1..6 (outer tails included),3,0,2488,8.591018580945061,2.9633094014676398,8.113925289043124,계산 가능,—,,1
TS_MOMENTUM_APS002,TS_,float32,85,False,69.56976994856949,112950,69.56976994856949,0,0.0,0.0,162355,32471,20.0,32471,20.0,0.0,0.0,0.0,0.0,0.0,0.5,0.5,0.75,6.0,dominant_atom_plus_nonatom_quantiles,4,non-atom Q1: 0.16666667..0.5 (outer tails included); non-atom Q2: 0.5..6 (outer tails included),3,0,3326,7.702399632119381,2.9633094014676398,7.140601616979277,계산 가능,—,,1
TS_VOLATILITY_APS002,TS_,float32,222,False,92.34763327276647,149931,92.34763327276647,0,0.0,0.0,162355,32471,20.0,32471,20.0,0.0,0.0,0.0,0.0,0.0,0.0,0.37416574358940125,0.5066227912902832,3.039736747741699,dominant_atom_plus_nonatom_quantiles,6,non-atom Q1: 0.2..0.33166248 (outer tails included); non-atom Q2: 0.33166248..0.4358899 (outer tails included); non-atom Q3: 0.4358899..0.48989794 (outer tails included); non-atom Q4: 0.48989794..3.0397367 (outer tails included),5,0,1373,3.098254022595004,1.2008685778879702,17.63990267639903,계산 가능,—,,1
TS_MAX_IN_3M_FLAG_APS002,TS_,Int32,2,False,97.4414092574913,4154,2.5585907425087,0,0.0,0.0,162355,32471,20.0,32471,20.0,0.0,0.0,1.0,1.0,1.0,1.0,1.0,1.0,1.0,exact_categories,3,exact observed values in discovery; unseen later values separate,2,0,2112,3.9580373114065095,0.5401410582223098,17.677187729585114,계산 가능,—,,1
TS_TOTAL_SLOPE_APS002,TS_,float32,343,False,92.37165470727726,149970,92.37165470727726,0,0.0,0.0,162355,32471,20.0,32471,20.0,-0.36000001430511475,-0.048461537808179855,0.0,0.0,0.0,0.0,0.0,0.057692307978868484,0.35923075675964355,dominant_atom_plus_nonatom_quantiles,6,non-atom Q1: -0.36000001..-0.025384616 (outer tails included); non-atom Q2: -0.025384616..0.023076924 (outer tails included); non-atom Q3: 0.023076924..0.048461538 (outer tails included); non-atom Q4: 0.048461538..0.35923076 (outer tails included),5,0,1559,7.373676880440053,1.1831982690857945,17.63968440181262,계산 가능,—,,1
TS_RECENT_APS003,TS_,float32,441,False,69.98429367743525,0,0.0,113623,69.98429367743525,3.018444330816572,48732,7138,14.647459574817368,32471,20.0,1.0,1.0,3.0,9.0,16.0,29.0,68.0,134.0,153.5,quantiles,6,Q1: 1..8 (outer tails included); Q2: 8..13 (outer tails included); Q3: 13..21 (outer tails included); Q4: 21..35 (outer tails included); Q5: 35..152.66667 (outer tails included),6,0,4315,9.4963460567171,3.018444330816572,9.60105092712186,계산 가능,—,,1
TS_MOMENTUM_APS003,TS_,float32,3658,False,70.39635366942811,0,0.0,114292,70.39635366942811,3.2425735123683963,48063,7014,14.593346233069097,32471,20.0,0.025641025975346565,0.5,0.6934754252433777,0.8333333134651184,0.8947368264198303,0.939393937587738,0.9795918464660645,1.011334116458892,9.800000190734863,quantiles,6,Q1: 0.025641026..0.79549543 (outer tails included); Q2: 0.79549543..0.85714287 (outer tails included); Q3: 0.85714287..0.89999998 (outer tails included); Q4: 0.89999998..0.94444442 (outer tails included); Q5: 0.94444442..7 (outer tails included),6,0,4322,8.907386151431968,12.992523547492956,14.393480271761668,계산 가능,—,,1
TS_VOLATILITY_APS003,TS_,float32,7702,False,68.3015613932432,9718,5.985648732715346,110891,68.3015613932432,2.90184876792956,51464,7904,15.3583087206591,32471,20.0,0.0,0.0,0.0,0.4358898997306824,1.0198038816452026,3.640054941177368,8.88238415718078,16.85437589645386,71.96786499023438,quantiles,6,Q1: 0..0.27688748 (outer tails included); Q2: 0.27688748..0.6454972 (outer tails included); Q3: 0.6454972..1.9899749 (outer tails included); Q4: 1.9899749..4.3588991 (outer tails included); Q5: 4.3588991..71.967865 (outer tails included),6,0,4858,9.242664231463987,2.90184876792956,8.44365005328909,계산 가능,—,,1
TS_MAX_IN_3M_FLAG_APS003,TS_,Int32,3,False,68.05949924548058,29014,17.870715407594467,110498,68.05949924548058,2.767997627198804,51857,7998,15.423182983975162,32471,20.0,0.0,0.0,0.0,0.0,0.0,1.0,1.0,1.0,1.0,exact_categories,3,exact observed values in discovery; unseen later values separate,3,0,9577,7.487068226311227,20.12423321423462,9.162451058521881,계산 가능,—,,1
TS_TOTAL_SLOPE_APS003,TS_,float32,5793,False,68.3015613932432,9785,6.026916325336454,110891,68.3015613932432,2.90184876792956,51464,7904,15.3583087206591,32471,20.0,-40.0,-1.5,-0.5215384364128113,-0.04384615272283554,0.0,0.10153846442699432,0.5400000214576721,1.2700845992565215,15.0,quantiles,6,Q1: -40..0 (outer tails included); Q2: 0..0.023076924 (outer tails included); Q3: 0.023076924..0.10153846 (outer tails included); Q4: 0.10153846..0.29076922 (outer tails included); Q5: 0.29076922..15 (outer tails included),6,0,880,8.536688712677568,17.155636217397753,14.651988636363637,계산 가능,—,,1
TS_VOLATILITY_APS001_FLIPS,TS_,category,3,False,93.8702226602199,0,0.0,0,0.0,0.0,162355,32471,20.0,32471,20.0,,,,,,,,,,exact_categories,4,exact observed values in discovery; unseen later values separate,3,0,411,2.0848400545616013,1.084653598567653,24.422799422799425,계산 가능,—,,1
TS_MOMENTUM_APS001_STATE,TS_,category,4,False,66.63792306981614,0,0.0,0,0.0,0.0,162355,32471,20.0,32471,20.0,,,,,,,,,,exact_categories,5,exact observed values in discovery; unseen later values separate,4,2,324,7.154294039246362,3.1281276968458283,27.359693877551024,해석 주의,작은 구간 존재,,1
AL012G003_SV_FLAG_M9_0,SV_FLAG,int8,2,False,99.98521757876259,162331,99.98521757876259,0,0.0,0.0,162355,32471,20.0,32471,20.0,0.0,0.0,0.0,0.0,0.0,0.0,0.0,0.0,1.0,exact_categories,3,exact observed values in discovery; unseen later values separate,2,1,18,,0.042099354476565765,5.95066912788803,해석 주의,404행 이상인 구간이 2개 미만; 작은 구간 존재; 최빈값 비중 99.5% 이상,14.0,15
AL012G004_SV_FLAG_M9_0,SV_FLAG,int8,2,False,99.98521757876259,162331,99.98521757876259,0,0.0,0.0,162355,32471,20.0,32471,20.0,0.0,0.0,0.0,0.0,0.0,0.0,0.0,0.0,1.0,exact_categories,3,exact observed values in discovery; unseen later values separate,2,1,18,,0.042099354476565765,5.95066912788803,해석 주의,404행 이상인 구간이 2개 미만; 작은 구간 존재; 최빈값 비중 99.5% 이상,14.0,15
AL012G005_SV_FLAG_M9_0,SV_FLAG,int8,2,False,99.98521757876259,162331,99.98521757876259,0,0.0,0.0,162355,32471,20.0,32471,20.0,0.0,0.0,0.0,0.0,0.0,0.0,0.0,0.0,1.0,exact_categories,3,exact observed values in discovery; unseen later values separate,2,1,18,,0.042099354476565765,5.95066912788803,해석 주의,404행 이상인 구간이 2개 미만; 작은 구간 존재; 최빈값 비중 99.5% 이상,14.0,15
AL012G009_SV_FLAG_M9_0,SV_FLAG,int8,2,False,99.98521757876259,162331,99.98521757876259,0,0.0,0.0,162355,32471,20.0,32471,20.0,0.0,0.0,0.0,0.0,0.0,0.0,0.0,0.0,1.0,exact_categories,3,exact observed values in discovery; unseen later values separate,2,1,18,,0.042099354476565765,5.95066912788803,해석 주의,404행 이상인 구간이 2개 미만; 작은 구간 존재; 최빈값 비중 99.5% 이상,14.0,15
AL012G010_SV_FLAG_M9_0,SV_FLAG,int8,2,False,99.98521757876259,162331,99.98521757876259,0,0.0,0.0,162355,32471,20.0,32471,20.0,0.0,0.0,0.0,0.0,0.0,0.0,0.0,0.0,1.0,exact_categories,3,exact observed values in discovery; unseen later values separate,2,1,18,,0.042099354476565765,5.95066912788803,해석 주의,404행 이상인 구간이 2개 미만; 작은 구간 존재; 최빈값 비중 99.5% 이상,14.0,15
AL012G011_SV_FLAG_M9_0,SV_FLAG,int8,2,False,99.98521757876259,162331,99.98521757876259,0,0.0,0.0,162355,32471,20.0,32471,20.0,0.0,0.0,0.0,0.0,0.0,0.0,0.0,0.0,1.0,exact_categories,3,exact observed values in discovery; unseen later values separate,2,1,18,,0.042099354476565765,5.95066912788803,해석 주의,404행 이상인 구간이 2개 미만; 작은 구간 존재; 최빈값 비중 99.5% 이상,14.0,15
AL012G013_SV_FLAG_M9_0,SV_FLAG,int8,2,False,99.98521757876259,162331,99.98521757876259,0,0.0,0.0,162355,32471,20.0,32471,20.0,0.0,0.0,0.0,0.0,0.0,0.0,0.0,0.0,1.0,exact_categories,3,exact observed values in discovery; unseen later values separate,2,1,18,,0.042099354476565765,5.95066912788803,해석 주의,404행 이상인 구간이 2개 미만; 작은 구간 존재; 최빈값 비중 99.5% 이상,14.0,15
AL012G014_SV_FLAG_M9_0,SV_FLAG,int8,2,False,99.98521757876259,162331,99.98521757876259,0,0.0,0.0,162355,32471,20.0,32471,20.0,0.0,0.0,0.0,0.0,0.0,0.0,0.0,0.0,1.0,exact_categories,3,exact observed values in discovery; unseen later values separate,2,1,18,,0.042099354476565765,5.95066912788803,해석 주의,404행 이상인 구간이 2개 미만; 작은 구간 존재; 최빈값 비중 99.5% 이상,14.0,15
AL012G015_SV_FLAG_M9_0,SV_FLAG,int8,2,False,99.98521757876259,162331,99.98521757876259,0,0.0,0.0,162355,32471,20.0,32471,20.0,0.0,0.0,0.0,0.0,0.0,0.0,0.0,0.0,1.0,exact_categories,3,exact observed values in discovery; unseen later values separate,2,1,18,,0.042099354476565765,5.95066912788803,해석 주의,404행 이상인 구간이 2개 미만; 작은 구간 존재; 최빈값 비중 99.5% 이상,14.0,15
AL012G017_SV_FLAG_M9_0,SV_FLAG,int8,2,False,99.98521757876259,162331,99.98521757876259,0,0.0,0.0,162355,32471,20.0,32471,20.0,0.0,0.0,0.0,0.0,0.0,0.0,0.0,0.0,1.0,exact_categories,3,exact observed values in discovery; unseen later values separate,2,1,18,,0.042099354476565765,5.95066912788803,해석 주의,404행 이상인 구간이 2개 미만; 작은 구간 존재; 최빈값 비중 99.5% 이상,14.0,15
AL012G018_SV_FLAG_M9_0,SV_FLAG,int8,2,False,99.98521757876259,162331,99.98521757876259,0,0.0,0.0,162355,32471,20.0,32471,20.0,0.0,0.0,0.0,0.0,0.0,0.0,0.0,0.0,1.0,exact_categories,3,exact observed values in discovery; unseen later values separate,2,1,18,,0.042099354476565765,5.95066912788803,해석 주의,404행 이상인 구간이 2개 미만; 작은 구간 존재; 최빈값 비중 99.5% 이상,14.0,15
AL012G019_SV_FLAG_M9_0,SV_FLAG,int8,2,False,99.98521757876259,162331,99.98521757876259,0,0.0,0.0,162355,32471,20.0,32471,20.0,0.0,0.0,0.0,0.0,0.0,0.0,0.0,0.0,1.0,exact_categories,3,exact observed values in discovery; unseen later values separate,2,1,18,,0.042099354476565765,5.95066912788803,해석 주의,404행 이상인 구간이 2개 미만; 작은 구간 존재; 최빈값 비중 99.5% 이상,14.0,15
AL018G001_SV_FLAG_M9_0,SV_FLAG,int8,2,False,99.9833697761079,162328,99.9833697761079,0,0.0,0.0,162355,32471,20.0,32471,20.0,0.0,0.0,0.0,0.0,0.0,0.0,0.0,0.0,1.0,exact_categories,3,exact observed values in discovery; unseen later values separate,2,1,21,,0.04911591355599709,5.95066912788803,해석 주의,404행 이상인 구간이 2개 미만; 작은 구간 존재; 최빈값 비중 99.5% 이상,,1
AL018G002_SV_FLAG_M9_0,SV_FLAG,int8,2,False,99.39823226879369,161378,99.39823226879369,0,0.0,0.0,162355,32471,20.0,32471,20.0,0.0,0.0,0.0,0.0,0.0,0.0,0.0,0.0,1.0,exact_categories,3,exact observed values in discovery; unseen later values separate,2,0,486,0.18034595494032524,0.21971224854606675,23.196004993757803,계산 가능,—,,1
AS1300133_SV_FLAG_M99999999_0,SV_FLAG,int8,2,False,81.25588987096178,30432,18.74411012903822,0,0.0,0.0,162355,32471,20.0,32471,20.0,0.0,0.0,0.0,1.0,1.0,1.0,1.0,1.0,1.0,exact_categories,3,exact observed values in discovery; unseen later values separate,2,0,15038,7.961074688119988,1.4011133735140375,7.176404158501347,계산 가능,—,,1
AS1340126_SV_FLAG_M99999999_0,SV_FLAG,int8,2,False,69.16694896985001,50059,30.83305103014998,0,0.0,0.0,162355,32471,20.0,32471,20.0,0.0,0.0,0.0,0.0,1.0,1.0,1.0,1.0,1.0,exact_categories,3,exact observed values in discovery; unseen later values separate,2,0,24614,7.559314764698599,2.6346673448252975,6.3132820157774905,계산 가능,—,15.0,3
AS1350127_SV_FLAG_M99999999_0,SV_FLAG,int8,2,False,69.16694896985001,50059,30.83305103014998,0,0.0,0.0,162355,32471,20.0,32471,20.0,0.0,0.0,0.0,0.0,1.0,1.0,1.0,1.0,1.0,exact_categories,3,exact observed values in discovery; unseen later values separate,2,0,24614,7.559314764698599,2.6346673448252975,6.3132820157774905,계산 가능,—,15.0,3
AS1360004_SV_FLAG_M88888888_0,SV_FLAG,int8,2,False,99.98521757876259,162331,99.98521757876259,0,0.0,0.0,162355,32471,20.0,32471,20.0,0.0,0.0,0.0,0.0,0.0,0.0,0.0,0.0,1.0,exact_categories,3,exact observed values in discovery; unseen later values separate,2,1,18,,0.042099354476565765,5.95066912788803,해석 주의,404행 이상인 구간이 2개 미만; 작은 구간 존재; 최빈값 비중 99.5% 이상,14.0,15
AS1360004_SV_FLAG_M99999999_0,SV_FLAG,int8,2,False,67.12081549690492,53381,32.87918450309507,0,0.0,0.0,162355,32471,20.0,32471,20.0,0.0,0.0,0.0,0.0,1.0,1.0,1.0,1.0,1.0,exact_categories,3,exact observed values in discovery; unseen later values separate,2,0,26520,2.7979720755496262,1.3289984952069234,6.398168912137173,계산 가능,—,,1
AS1360006_SV_FLAG_M88888888_0,SV_FLAG,int8,2,False,99.98521757876259,162331,99.98521757876259,0,0.0,0.0,162355,32471,20.0,32471,20.0,0.0,0.0,0.0,0.0,0.0,0.0,0.0,0.0,1.0,exact_categories,3,exact observed values in discovery; unseen later values separate,2,1,18,,0.042099354476565765,5.95066912788803,해석 주의,404행 이상인 구간이 2개 미만; 작은 구간 존재; 최빈값 비중 99.5% 이상,14.0,15
AS1360006_SV_FLAG_M99999999_0,SV_FLAG,int8,2,False,64.21483785531706,58099,35.78516214468295,0,0.0,0.0,162355,32471,20.0,32471,20.0,0.0,0.0,0.0,0.0,1.0,1.0,1.0,1.0,1.0,exact_categories,3,exact observed values in discovery; unseen later values separate,2,0,29003,3.989486968891731,2.0319208765524066,6.26053086583542,계산 가능,—,,1
AS1C0G158_SV_FLAG_0_0,SV_FLAG,int8,2,False,69.42440947306827,49641,30.575590526931723,0,0.0,0.0,162355,32471,20.0,32471,20.0,0.0,0.0,0.0,0.0,1.0,1.0,1.0,1.0,1.0,exact_categories,3,exact observed values in discovery; unseen later values separate,2,0,24400,7.63843215346465,2.5700993601562248,6.398747687868358,계산 가능,—,,1
AS1C30102_SV_FLAG_M99999999_0,SV_FLAG,int8,2,False,86.12300206337963,22530,13.876997936620368,0,0.0,0.0,162355,32471,20.0,32471,20.0,0.0,0.0,0.0,1.0,1.0,1.0,1.0,1.0,1.0,exact_categories,3,exact observed values in discovery; unseen later values separate,2,0,11120,2.950033335611721,0.8223885947325815,6.79553127927737,계산 가능,—,16.0,3
AS1C30103_SV_FLAG_M99999999_0,SV_FLAG,int8,2,False,99.56884604724216,700,0.43115395275784546,0,0.0,0.0,162355,32471,20.0,32471,20.0,0.0,1.0,1.0,1.0,1.0,1.0,1.0,1.0,1.0,exact_categories,3,exact observed values in discovery; unseen later values separate,2,1,362,,0.2942681039327206,18.333333333333336,해석 주의,404행 이상인 구간이 2개 미만; 작은 구간 존재; 최빈값 비중 99.5% 이상,,1
AS1C30104_SV_FLAG_M99999999_0,SV_FLAG,int8,2,False,98.22857318838348,2876,1.7714268116165193,0,0.0,0.0,162355,32471,20.0,32471,20.0,0.0,0.0,1.0,1.0,1.0,1.0,1.0,1.0,1.0,exact_categories,3,exact observed values in discovery; unseen later values separate,2,0,1410,0.9786748697173303,0.44129633231834164,12.348576620230162,계산 가능,—,,1
AS1C30116_SV_FLAG_M99999999_0,SV_FLAG,int8,2,False,70.2971882602938,48224,29.7028117397062,0,0.0,0.0,162355,32471,20.0,32471,20.0,0.0,0.0,0.0,0.0,1.0,1.0,1.0,1.0,1.0,exact_categories,3,exact observed values in discovery; unseen later values separate,2,0,23759,8.117086300893622,2.5706318569402753,6.509460028486629,계산 가능,—,,1
AS1C40101_SV_FLAG_M99999999_0,SV_FLAG,int8,2,False,86.12300206337963,22530,13.876997936620368,0,0.0,0.0,162355,32471,20.0,32471,20.0,0.0,0.0,0.0,1.0,1.0,1.0,1.0,1.0,1.0,exact_categories,3,exact observed values in discovery; unseen later values separate,2,0,11120,2.950033335611721,0.8223885947325815,6.79553127927737,계산 가능,—,16.0,3
AS1C50101_SV_FLAG_M99999999_0,SV_FLAG,int8,2,False,86.12300206337963,22530,13.876997936620368,0,0.0,0.0,162355,32471,20.0,32471,20.0,0.0,0.0,0.0,1.0,1.0,1.0,1.0,1.0,1.0,exact_categories,3,exact observed values in discovery; unseen later values separate,2,0,11120,2.950033335611721,0.8223885947325815,6.79553127927737,계산 가능,—,16.0,3
AS3C30110_SV_FLAG_M99999999_0,SV_FLAG,int8,2,False,69.16694896985001,50059,30.83305103014998,0,0.0,0.0,162355,32471,20.0,32471,20.0,0.0,0.0,0.0,0.0,1.0,1.0,1.0,1.0,1.0,exact_categories,3,exact observed values in discovery; unseen later values separate,2,0,24614,7.559314764698599,2.6346673448252975,6.3132820157774905,계산 가능,—,15.0,3
ASCD30135_SV_FLAG_M99999999_0,SV_FLAG,int8,2,False,98.35114409781035,2677,1.648855902189646,0,0.0,0.0,162355,32471,20.0,32471,20.0,0.0,0.0,1.0,1.0,1.0,1.0,1.0,1.0,1.0,exact_categories,3,exact observed values in discovery; unseen later values separate,2,0,1244,1.4107813413194643,0.4482875711641632,11.036970619513314,계산 가능,—,,1
ASCD30137_SV_FLAG_M99999999_0,SV_FLAG,int8,2,False,93.87083859443811,9951,6.129161405561886,0,0.0,0.0,162355,32471,20.0,32471,20.0,0.0,0.0,0.0,1.0,1.0,1.0,1.0,1.0,1.0,exact_categories,3,exact observed values in discovery; unseen later values separate,2,0,5122,2.308980932287458,1.124314763147849,7.129106322854115,계산 가능,—,,1
C1L120066_SV_FLAG_8888888_8,SV_FLAG,int8,2,False,58.89809368359459,95624,58.898093683594595,0,0.0,0.0,162355,32471,20.0,32471,20.0,0.0,0.0,0.0,0.0,0.0,1.0,1.0,1.0,1.0,exact_categories,3,exact observed values in discovery; unseen later values separate,2,0,33240,1.0260595264794419,2.8178373156134473,6.29433735581528,계산 가능,—,17.0,2
C1L120066_SV_FLAG_9999999_9,SV_FLAG,int8,1,True,100.0,162355,100.0,0,0.0,0.0,162355,32471,20.0,32471,20.0,0.0,0.0,0.0,0.0,0.0,0.0,0.0,0.0,0.0,exact_categories,2,exact observed values in discovery; unseen later values separate,1,0,80903,,0.0,5.955084890438254,계산 불가,탐색 기간의 유효 구간이 1개 이하,4.0,10
C1L120123_SV_FLAG_8888888_8,SV_FLAG,int8,2,False,58.89809368359459,95624,58.898093683594595,0,0.0,0.0,162355,32471,20.0,32471,20.0,0.0,0.0,0.0,0.0,0.0,1.0,1.0,1.0,1.0,exact_categories,3,exact observed values in discovery; unseen later values separate,2,0,33240,1.0260595264794419,2.8178373156134473,6.29433735581528,계산 가능,—,17.0,2
C1L120123_SV_FLAG_9999999_9,SV_FLAG,int8,2,False,99.98952911829016,162338,99.98952911829016,0,0.0,0.0,162355,32471,20.0,32471,20.0,0.0,0.0,0.0,0.0,0.0,0.0,0.0,0.0,1.0,exact_categories,3,exact observed values in discovery; unseen later values separate,2,1,6,,0.03055067593370503,5.953154729310871,해석 주의,404행 이상인 구간이 2개 미만; 작은 구간 존재; 최빈값 비중 99.5% 이상,,1
C1L120238_SV_FLAG_8888888_8,SV_FLAG,int8,2,False,82.38920883249669,133763,82.38920883249669,0,0.0,0.0,162355,32471,20.0,32471,20.0,0.0,0.0,0.0,0.0,0.0,0.0,1.0,1.0,1.0,exact_categories,3,exact observed values in discovery; unseen later values separate,2,0,14156,1.5764378817562679,1.6268380078006461,7.353704881894114,계산 가능,—,18.0,12
C1L120238_SV_FLAG_9999999_9,SV_FLAG,int8,2,False,99.99815219734532,162352,99.99815219734532,0,0.0,0.0,162355,32471,20.0,32471,20.0,0.0,0.0,0.0,0.0,0.0,0.0,0.0,0.0,1.0,exact_categories,3,exact observed values in discovery; unseen later values separate,2,1,1,,0.014800562421372012,5.953613214296549,해석 주의,404행 이상인 구간이 2개 미만; 작은 구간 존재; 최빈값 비중 99.5% 이상,19.0,6
C1L120250_SV_FLAG_9999999_9,SV_FLAG,int8,2,False,99.80166918173138,162033,99.80166918173138,0,0.0,0.0,162355,32471,20.0,32471,20.0,0.0,0.0,0.0,0.0,0.0,0.0,0.0,0.0,1.0,exact_categories,3,exact observed values in discovery; unseen later values separate,2,1,136,,0.11050534730377981,13.92156862745098,해석 주의,404행 이상인 구간이 2개 미만; 작은 구간 존재; 최빈값 비중 99.5% 이상,,1
C1L120250_SV_FLAG_8888888_8,SV_FLAG,int8,2,False,82.38920883249669,133763,82.38920883249669,0,0.0,0.0,162355,32471,20.0,32471,20.0,0.0,0.0,0.0,0.0,0.0,0.0,1.0,1.0,1.0,exact_categories,3,exact observed values in discovery; unseen later values separate,2,0,14156,1.5764378817562679,1.6268380078006461,7.353704881894114,계산 가능,—,18.0,12
C1L120255_SV_FLAG_8888888_8,SV_FLAG,int8,2,False,82.38920883249669,133763,82.38920883249669,0,0.0,0.0,162355,32471,20.0,32471,20.0,0.0,0.0,0.0,0.0,0.0,0.0,1.0,1.0,1.0,exact_categories,3,exact observed values in discovery; unseen later values separate,2,0,14156,1.5764378817562679,1.6268380078006461,7.353704881894114,계산 가능,—,18.0,12
C1L120255_SV_FLAG_9999999_9,SV_FLAG,int8,2,False,99.81583566875058,162056,99.81583566875058,0,0.0,0.0,162355,32471,20.0,32471,20.0,0.0,0.0,0.0,0.0,0.0,0.0,0.0,0.0,1.0,exact_categories,3,exact observed values in discovery; unseen later values separate,2,1,137,,0.11239872831721846,5.939223705136445,해석 주의,404행 이상인 구간이 2개 미만; 작은 구간 존재; 최빈값 비중 99.5% 이상,,1
C1L120256_SV_FLAG_8888888_8,SV_FLAG,int8,2,False,82.38920883249669,133763,82.38920883249669,0,0.0,0.0,162355,32471,20.0,32471,20.0,0.0,0.0,0.0,0.0,0.0,0.0,1.0,1.0,1.0,exact_categories,3,exact observed values in discovery; unseen later values separate,2,0,14156,1.5764378817562679,1.6268380078006461,7.353704881894114,계산 가능,—,18.0,12
C1L120256_SV_FLAG_9999999_9,SV_FLAG,int8,2,False,99.83985710326138,162095,99.83985710326137,0,0.0,0.0,162355,32471,20.0,32471,20.0,0.0,0.0,0.0,0.0,0.0,0.0,0.0,0.0,1.0,exact_categories,3,exact observed values in discovery; unseen later values separate,2,1,117,,0.11111134889386642,5.937476823208158,해석 주의,404행 이상인 구간이 2개 미만; 작은 구간 존재; 최빈값 비중 99.5% 이상,20.0,2
C1L120292_SV_FLAG_8888888_8,SV_FLAG,int8,2,False,82.38920883249669,133763,82.38920883249669,0,0.0,0.0,162355,32471,20.0,32471,20.0,0.0,0.0,0.0,0.0,0.0,0.0,1.0,1.0,1.0,exact_categories,3,exact observed values in discovery; unseen later values separate,2,0,14156,1.5764378817562679,1.6268380078006461,7.353704881894114,계산 가능,—,18.0,12
C1L120292_SV_FLAG_9999999_9,SV_FLAG,int8,2,False,99.99815219734532,162352,99.99815219734532,0,0.0,0.0,162355,32471,20.0,32471,20.0,0.0,0.0,0.0,0.0,0.0,0.0,0.0,0.0,1.0,exact_categories,3,exact observed values in discovery; unseen later values separate,2,1,1,,0.014800562421372012,5.953613214296549,해석 주의,404행 이상인 구간이 2개 미만; 작은 구간 존재; 최빈값 비중 99.5% 이상,19.0,6
C1L120301_SV_FLAG_8888888_8,SV_FLAG,int8,2,False,82.38920883249669,133763,82.38920883249669,0,0.0,0.0,162355,32471,20.0,32471,20.0,0.0,0.0,0.0,0.0,0.0,0.0,1.0,1.0,1.0,exact_categories,3,exact observed values in discovery; unseen later values separate,2,0,14156,1.5764378817562679,1.6268380078006461,7.353704881894114,계산 가능,—,18.0,12
C1L120301_SV_FLAG_9999999_9,SV_FLAG,int8,2,False,99.99815219734532,162352,99.99815219734532,0,0.0,0.0,162355,32471,20.0,32471,20.0,0.0,0.0,0.0,0.0,0.0,0.0,0.0,0.0,1.0,exact_categories,3,exact observed values in discovery; unseen later values separate,2,1,1,,0.014800562421372012,5.953613214296549,해석 주의,404행 이상인 구간이 2개 미만; 작은 구간 존재; 최빈값 비중 99.5% 이상,19.0,6
C1L120331_SV_FLAG_8888888_8,SV_FLAG,int8,2,False,82.38920883249669,133763,82.38920883249669,0,0.0,0.0,162355,32471,20.0,32471,20.0,0.0,0.0,0.0,0.0,0.0,0.0,1.0,1.0,1.0,exact_categories,3,exact observed values in discovery; unseen later values separate,2,0,14156,1.5764378817562679,1.6268380078006461,7.353704881894114,계산 가능,—,18.0,12
C1L120331_SV_FLAG_9999999_9,SV_FLAG,int8,2,False,99.99815219734532,162352,99.99815219734532,0,0.0,0.0,162355,32471,20.0,32471,20.0,0.0,0.0,0.0,0.0,0.0,0.0,0.0,0.0,1.0,exact_categories,3,exact observed values in discovery; unseen later values separate,2,1,1,,0.014800562421372012,5.953613214296549,해석 주의,404행 이상인 구간이 2개 미만; 작은 구간 존재; 최빈값 비중 99.5% 이상,19.0,6
C1L120333_SV_FLAG_8888888_8,SV_FLAG,int8,2,False,82.38920883249669,133763,82.38920883249669,0,0.0,0.0,162355,32471,20.0,32471,20.0,0.0,0.0,0.0,0.0,0.0,0.0,1.0,1.0,1.0,exact_categories,3,exact observed values in discovery; unseen later values separate,2,0,14156,1.5764378817562679,1.6268380078006461,7.353704881894114,계산 가능,—,18.0,12
C1L120333_SV_FLAG_9999999_9,SV_FLAG,int8,2,False,99.99815219734532,162352,99.99815219734532,0,0.0,0.0,162355,32471,20.0,32471,20.0,0.0,0.0,0.0,0.0,0.0,0.0,0.0,0.0,1.0,exact_categories,3,exact observed values in discovery; unseen later values separate,2,1,1,,0.014800562421372012,5.953613214296549,해석 주의,404행 이상인 구간이 2개 미만; 작은 구간 존재; 최빈값 비중 99.5% 이상,19.0,6
C1L120347_SV_FLAG_8888888_8,SV_FLAG,int8,2,False,82.38920883249669,133763,82.38920883249669,0,0.0,0.0,162355,32471,20.0,32471,20.0,0.0,0.0,0.0,0.0,0.0,0.0,1.0,1.0,1.0,exact_categories,3,exact observed values in discovery; unseen later values separate,2,0,14156,1.5764378817562679,1.6268380078006461,7.353704881894114,계산 가능,—,18.0,12
C1L120347_SV_FLAG_9999999_9,SV_FLAG,int8,2,False,99.99815219734532,162352,99.99815219734532,0,0.0,0.0,162355,32471,20.0,32471,20.0,0.0,0.0,0.0,0.0,0.0,0.0,0.0,0.0,1.0,exact_categories,3,exact observed values in discovery; unseen later values separate,2,1,1,,0.014800562421372012,5.953613214296549,해석 주의,404행 이상인 구간이 2개 미만; 작은 구간 존재; 최빈값 비중 99.5% 이상,19.0,6
C1L120354_SV_FLAG_8888888_8,SV_FLAG,int8,2,False,82.38920883249669,133763,82.38920883249669,0,0.0,0.0,162355,32471,20.0,32471,20.0,0.0,0.0,0.0,0.0,0.0,0.0,1.0,1.0,1.0,exact_categories,3,exact observed values in discovery; unseen later values separate,2,0,14156,1.5764378817562679,1.6268380078006461,7.353704881894114,계산 가능,—,18.0,12
C1L120354_SV_FLAG_9999999_9,SV_FLAG,int8,2,False,99.97659449970743,162317,99.97659449970743,0,0.0,0.0,162355,32471,20.0,32471,20.0,0.0,0.0,0.0,0.0,0.0,0.0,0.0,0.0,1.0,exact_categories,3,exact observed values in discovery; unseen later values separate,2,1,19,,0.029418874325466714,5.935235020272984,해석 주의,404행 이상인 구간이 2개 미만; 작은 구간 존재; 최빈값 비중 99.5% 이상,,1
C1L120357_SV_FLAG_8888888_8,SV_FLAG,int8,2,False,82.38920883249669,133763,82.38920883249669,0,0.0,0.0,162355,32471,20.0,32471,20.0,0.0,0.0,0.0,0.0,0.0,0.0,1.0,1.0,1.0,exact_categories,3,exact observed values in discovery; unseen later values separate,2,0,14156,1.5764378817562679,1.6268380078006461,7.353704881894114,계산 가능,—,18.0,12
C1L120357_SV_FLAG_9999999_9,SV_FLAG,int8,2,False,99.83985710326138,162095,99.83985710326137,0,0.0,0.0,162355,32471,20.0,32471,20.0,0.0,0.0,0.0,0.0,0.0,0.0,0.0,0.0,1.0,exact_categories,3,exact observed values in discovery; unseen later values separate,2,1,117,,0.11111134889386642,5.937476823208158,해석 주의,404행 이상인 구간이 2개 미만; 작은 구간 존재; 최빈값 비중 99.5% 이상,20.0,2
C1P000005_SV_FLAG_8888888_8,SV_FLAG,int8,2,False,82.38920883249669,133763,82.38920883249669,0,0.0,0.0,162355,32471,20.0,32471,20.0,0.0,0.0,0.0,0.0,0.0,0.0,1.0,1.0,1.0,exact_categories,3,exact observed values in discovery; unseen later values separate,2,0,14156,1.5764378817562679,1.6268380078006461,7.353704881894114,계산 가능,—,18.0,12
C1P000005_SV_FLAG_9999999_9,SV_FLAG,int8,2,False,99.99938406578177,162354,99.99938406578177,0,0.0,0.0,162355,32471,20.0,32471,20.0,0.0,0.0,0.0,0.0,0.0,0.0,0.0,0.0,1.0,exact_categories,3,exact observed values in discovery; unseen later values separate,1,0,80903,,0.0074002812106899185,5.955084890438254,계산 불가,탐색 기간의 유효 구간이 1개 이하,,1
C1Z001340_SV_FLAG_9999999_9,SV_FLAG,int8,2,False,99.73822795725417,161930,99.73822795725417,0,0.0,0.0,162355,32471,20.0,32471,20.0,0.0,0.0,0.0,0.0,0.0,0.0,0.0,0.0,1.0,exact_categories,3,exact observed values in discovery; unseen later values separate,2,1,227,,0.17230897812751111,17.959183673469386,해석 주의,404행 이상인 구간이 2개 미만; 작은 구간 존재; 최빈값 비중 99.5% 이상,,1
C1Z001340_SV_FLAG_8888888_8,SV_FLAG,int8,1,True,100.0,162355,100.0,0,0.0,0.0,162355,32471,20.0,32471,20.0,0.0,0.0,0.0,0.0,0.0,0.0,0.0,0.0,0.0,exact_categories,2,exact observed values in discovery; unseen later values separate,1,0,80903,,0.0,5.955084890438254,계산 불가,탐색 기간의 유효 구간이 1개 이하,4.0,10
C1Z001358_SV_FLAG_9999999_9,SV_FLAG,int8,2,False,99.75424224692803,161956,99.75424224692803,0,0.0,0.0,162355,32471,20.0,32471,20.0,0.0,0.0,0.0,0.0,0.0,0.0,0.0,0.0,1.0,exact_categories,3,exact observed values in discovery; unseen later values separate,2,1,210,,0.16468199836969116,17.220990391722097,해석 주의,404행 이상인 구간이 2개 미만; 작은 구간 존재; 최빈값 비중 99.5% 이상,,1
C1Z001358_SV_FLAG_8888888_8,SV_FLAG,int8,1,True,100.0,162355,100.0,0,0.0,0.0,162355,32471,20.0,32471,20.0,0.0,0.0,0.0,0.0,0.0,0.0,0.0,0.0,0.0,exact_categories,2,exact observed values in discovery; unseen later values separate,1,0,80903,,0.0,5.955084890438254,계산 불가,탐색 기간의 유효 구간이 1개 이하,4.0,10
C1Z001380_SV_FLAG_9999999_9,SV_FLAG,int8,2,False,99.95195713097841,162277,99.95195713097841,0,0.0,0.0,162355,32471,20.0,32471,20.0,0.0,0.0,0.0,0.0,0.0,0.0,0.0,0.0,1.0,exact_categories,3,exact observed values in discovery; unseen later values separate,2,1,38,,0.05904156370788449,5.936044622719599,해석 주의,404행 이상인 구간이 2개 미만; 작은 구간 존재; 최빈값 비중 99.5% 이상,,1
C1Z001380_SV_FLAG_8888888_8,SV_FLAG,int8,1,True,100.0,162355,100.0,0,0.0,0.0,162355,32471,20.0,32471,20.0,0.0,0.0,0.0,0.0,0.0,0.0,0.0,0.0,0.0,exact_categories,2,exact observed values in discovery; unseen later values separate,1,0,80903,,0.0,5.955084890438254,계산 불가,탐색 기간의 유효 구간이 1개 이하,4.0,10
C1Z001396_SV_FLAG_9999999_9,SV_FLAG,int8,2,False,99.97967417079856,162322,99.97967417079856,0,0.0,0.0,162355,32471,20.0,32471,20.0,0.0,0.0,0.0,0.0,0.0,0.0,0.0,0.0,1.0,exact_categories,3,exact observed values in discovery; unseen later values separate,2,1,15,,0.02984115974095688,5.953248634481508,해석 주의,404행 이상인 구간이 2개 미만; 작은 구간 존재; 최빈값 비중 99.5% 이상,,1
C1Z001396_SV_FLAG_8888888_8,SV_FLAG,int8,1,True,100.0,162355,100.0,0,0.0,0.0,162355,32471,20.0,32471,20.0,0.0,0.0,0.0,0.0,0.0,0.0,0.0,0.0,0.0,exact_categories,2,exact observed values in discovery; unseen later values separate,1,0,80903,,0.0,5.955084890438254,계산 불가,탐색 기간의 유효 구간이 1개 이하,4.0,10
C1Z001405_SV_FLAG_9999999_9,SV_FLAG,int8,2,False,99.99692032890887,162350,99.99692032890887,0,0.0,0.0,162355,32471,20.0,32471,20.0,0.0,0.0,0.0,0.0,0.0,0.0,0.0,0.0,1.0,exact_categories,3,exact observed values in discovery; unseen later values separate,2,1,2,,0.014800562421372012,5.948424208646408,해석 주의,404행 이상인 구간이 2개 미만; 작은 구간 존재; 최빈값 비중 99.5% 이상,,1
C1Z001405_SV_FLAG_8888888_8,SV_FLAG,int8,2,False,84.58193464937945,137323,84.58193464937945,0,0.0,0.0,162355,32471,20.0,32471,20.0,0.0,0.0,0.0,0.0,0.0,0.0,1.0,1.0,1.0,exact_categories,3,exact observed values in discovery; unseen later values separate,2,0,12404,1.5074712168113569,1.3756631555216448,6.874783844695028,계산 가능,—,,1
C1Z001426_SV_FLAG_9999999_9,SV_FLAG,int8,2,False,99.77579994456592,161991,99.77579994456592,0,0.0,0.0,162355,32471,20.0,32471,20.0,0.0,0.0,0.0,0.0,0.0,0.0,0.0,0.0,1.0,exact_categories,3,exact observed values in discovery; unseen later values separate,2,1,193,,0.14958361666917075,22.10857592446892,해석 주의,404행 이상인 구간이 2개 미만; 작은 구간 존재; 최빈값 비중 99.5% 이상,,1
C1Z001426_SV_FLAG_8888888_8,SV_FLAG,int8,1,True,100.0,162355,100.0,0,0.0,0.0,162355,32471,20.0,32471,20.0,0.0,0.0,0.0,0.0,0.0,0.0,0.0,0.0,0.0,exact_categories,2,exact observed values in discovery; unseen later values separate,1,0,80903,,0.0,5.955084890438254,계산 불가,탐색 기간의 유효 구간이 1개 이하,4.0,10
C1Z001474_SV_FLAG_9999999_9,SV_FLAG,int8,2,False,99.85032798497122,162112,99.8503279849712,0,0.0,0.0,162355,32471,20.0,32471,20.0,0.0,0.0,0.0,0.0,0.0,0.0,0.0,0.0,1.0,exact_categories,3,exact observed values in discovery; unseen later values separate,2,1,134,,0.12704821564702337,5.928313186445038,해석 주의,404행 이상인 구간이 2개 미만; 작은 구간 존재; 최빈값 비중 99.5% 이상,,1
C1Z001474_SV_FLAG_8888888_8,SV_FLAG,int8,1,True,100.0,162355,100.0,0,0.0,0.0,162355,32471,20.0,32471,20.0,0.0,0.0,0.0,0.0,0.0,0.0,0.0,0.0,0.0,exact_categories,2,exact observed values in discovery; unseen later values separate,1,0,80903,,0.0,5.955084890438254,계산 불가,탐색 기간의 유효 구간이 1개 이하,4.0,10
D10187D00_SV_FLAG_999999999_0,SV_FLAG,int8,2,False,93.78768747497767,10086,6.212312525022328,0,0.0,0.0,162355,32471,20.0,32471,20.0,0.0,0.0,0.0,1.0,1.0,1.0,1.0,1.0,1.0,exact_categories,3,exact observed values in discovery; unseen later values separate,2,0,5765,13.41655320674255,5.793147950018785,17.412629848720865,계산 가능,—,,1
D10187D00_SV_FLAG_0_0,SV_FLAG,int8,2,False,99.88728403806473,162172,99.88728403806473,0,0.0,0.0,162355,32471,20.0,32471,20.0,0.0,0.0,0.0,0.0,0.0,0.0,0.0,0.0,1.0,exact_categories,3,exact observed values in discovery; unseen later values separate,2,1,95,,0.1402150541804492,6.011082806268778,해석 주의,404행 이상인 구간이 2개 미만; 작은 구간 존재; 최빈값 비중 99.5% 이상,,1
D2Z000071_SV_FLAG_999999999_0,SV_FLAG,int8,2,False,98.05919127837147,3151,1.9408087216285301,0,0.0,0.0,162355,32471,20.0,32471,20.0,0.0,0.0,1.0,1.0,1.0,1.0,1.0,1.0,1.0,exact_categories,3,exact observed values in discovery; unseen later values separate,2,0,1652,24.119277693824902,0.6498307527548468,13.480145132029833,계산 가능,—,21.0,2
D2Z000072_SV_FLAG_999999999_0,SV_FLAG,int8,2,False,98.05919127837147,3151,1.9408087216285301,0,0.0,0.0,162355,32471,20.0,32471,20.0,0.0,0.0,1.0,1.0,1.0,1.0,1.0,1.0,1.0,exact_categories,3,exact observed values in discovery; unseen later values separate,2,0,1652,24.119277693824902,0.6498307527548468,13.480145132029833,계산 가능,—,21.0,2
D2Z000078_SV_FLAG_999999999_0,SV_FLAG,int8,2,False,98.06103908102615,3148,1.9389609189738537,0,0.0,0.0,162355,32471,20.0,32471,20.0,0.0,0.0,1.0,1.0,1.0,1.0,1.0,1.0,1.0,exact_categories,3,exact observed values in discovery; unseen later values separate,2,0,1651,24.14539756535845,0.6498307527548468,13.341261005971056,계산 가능,—,,1
DA1000104_SV_FLAG_999999999_0,SV_FLAG,int8,2,False,99.03236734316775,1571,0.9676326568322503,0,0.0,0.0,162355,32471,20.0,32471,20.0,0.0,1.0,1.0,1.0,1.0,1.0,1.0,1.0,1.0,exact_categories,3,exact observed values in discovery; unseen later values separate,2,0,845,32.472461902990155,0.8044142597253432,29.46161515453639,계산 가능,—,,1
DA1000104_SV_FLAG_0_0,SV_FLAG,int8,1,True,100.0,162355,100.0,0,0.0,0.0,162355,32471,20.0,32471,20.0,0.0,0.0,0.0,0.0,0.0,0.0,0.0,0.0,0.0,exact_categories,2,exact observed values in discovery; unseen later values separate,1,0,80903,,0.0,5.955084890438254,계산 불가,탐색 기간의 유효 구간이 1개 이하,4.0,10
DUN000028_SV_FLAG_999999999_0,SV_FLAG,int8,2,False,99.91192140679375,162212,99.91192140679375,0,0.0,0.0,162355,32471,20.0,32471,20.0,0.0,0.0,0.0,0.0,0.0,0.0,0.0,0.0,1.0,exact_categories,3,exact observed values in discovery; unseen later values separate,2,1,56,,0.15370293075948618,5.873018380371324,해석 주의,404행 이상인 구간이 2개 미만; 작은 구간 존재; 최빈값 비중 99.5% 이상,,1
DUN000028_SV_FLAG_0_0,SV_FLAG,int8,2,False,93.32327307443565,10840,6.67672692556435,0,0.0,0.0,162355,32471,20.0,32471,20.0,0.0,0.0,0.0,1.0,1.0,1.0,1.0,1.0,1.0,exact_categories,3,exact observed values in discovery; unseen later values separate,2,0,6153,15.25415157627652,6.058638734644539,20.96733075252573,계산 가능,—,,1
U5DD01006_SV_FLAG_9999999_9,SV_FLAG,int8,2,False,99.98521757876259,162331,99.98521757876259,0,0.0,0.0,162355,32471,20.0,32471,20.0,0.0,0.0,0.0,0.0,0.0,0.0,0.0,0.0,1.0,exact_categories,3,exact observed values in discovery; unseen later values separate,2,1,18,,0.042099354476565765,5.95066912788803,해석 주의,404행 이상인 구간이 2개 미만; 작은 구간 존재; 최빈값 비중 99.5% 이상,14.0,15
U84010100_SV_FLAG_0_0,SV_FLAG,int8,2,False,99.97967417079856,162322,99.97967417079856,0,0.0,0.0,162355,32471,20.0,32471,20.0,0.0,0.0,0.0,0.0,0.0,0.0,0.0,0.0,1.0,exact_categories,3,exact observed values in discovery; unseen later values separate,2,1,24,,0.050883186741295335,5.952277294614181,해석 주의,404행 이상인 구간이 2개 미만; 작은 구간 존재; 최빈값 비중 99.5% 이상,22.0,2
U84010200_SV_FLAG_0_0,SV_FLAG,int8,2,False,99.97967417079856,162322,99.97967417079856,0,0.0,0.0,162355,32471,20.0,32471,20.0,0.0,0.0,0.0,0.0,0.0,0.0,0.0,0.0,1.0,exact_categories,3,exact observed values in discovery; unseen later values separate,2,1,24,,0.050883186741295335,5.952277294614181,해석 주의,404행 이상인 구간이 2개 미만; 작은 구간 존재; 최빈값 비중 99.5% 이상,22.0,2
UA1040000_SV_FLAG_999999999_0,SV_FLAG,int8,2,False,71.81053863447384,45767,28.18946136552616,0,0.0,0.0,162355,32471,20.0,32471,20.0,0.0,0.0,0.0,0.0,1.0,1.0,1.0,1.0,1.0,exact_categories,3,exact observed values in discovery; unseen later values separate,2,0,22696,9.516512130969332,3.15903804459009,8.393725206088938,계산 가능,—,,1
UA1040003_SV_FLAG_999999999_0,SV_FLAG,int8,2,False,83.02670074836007,27557,16.973299251639926,0,0.0,0.0,162355,32471,20.0,32471,20.0,0.0,0.0,0.0,1.0,1.0,1.0,1.0,1.0,1.0,exact_categories,3,exact observed values in discovery; unseen later values separate,2,0,13812,13.171174596197377,3.0582121117004424,7.943494486216096,계산 가능,—,,1
UR1101100_SV_FLAG_0_0,SV_FLAG,int8,1,True,100.0,162355,100.0,0,0.0,0.0,162355,32471,20.0,32471,20.0,0.0,0.0,0.0,0.0,0.0,0.0,0.0,0.0,0.0,exact_categories,2,exact observed values in discovery; unseen later values separate,1,0,80903,,0.0,5.955084890438254,계산 불가,탐색 기간의 유효 구간이 1개 이하,4.0,10
